chr	start	end	CpGs	Gene_Symbol	Gene_Attrib	Is_Enhancer	PosName	Gene_Symbol_Converted
chr1	2319117	2319117	CpG Shore	ENST00000661319.1	Exon	False	chr1_2319117_2319117	ENSG00000287356
chr1	2319117	2319117	CpG Shore	ENST00000659232.1	Exon	False	chr1_2319117_2319117	ENSG00000287356
chr1	2319117	2319117	CpG Shore	ENST00000661319.1	IntronExonBoundary	False	chr1_2319117_2319117	ENSG00000287356
chr1	2319117	2319117	CpG Shore	ENST00000659232.1	IntronExonBoundary	False	chr1_2319117_2319117	ENSG00000287356
chr1	3182669	3182669	CpG Shelf	PRDM16	Intron	False	chr1_3182669_3182669	PRDM16
chr1	8314126	8314126	CpG Shelf	SLC45A1	Far_Promoter	False	chr1_8314126_8314126	SLC45A1
chr1	8355175	8355175	CpG Shelf	ENST00000467350.1	Promoter	False	chr1_8355175_8355175	RERE-209
chr1	8355175	8355175	CpG Shelf	RERE	IntronExonBoundary	False	chr1_8355175_8355175	RERE
chr1	8355175	8355175	CpG Shelf	ENST00000467350.1	IntronExonBoundary	False	chr1_8355175_8355175	RERE-209
chr1	8355175	8355175	CpG Shelf	RERE	Intron	False	chr1_8355175_8355175	RERE
chr1	11501656	11501656	CpG Island	DISP3	Exon	False	chr1_11501656_11501656	DISP3
chr1	11501656	11501656	CpG Island	LOC112268221	Exon	False	chr1_11501656_11501656	LOC112268221
chr1	16724760	16724760	CpG Shore	ESPNP	Far_Promoter	False	chr1_16724760_16724760	ESPNP
chr1	18784416	18784416	CpG Island	None	Intergenic	False	chr1_18784416_18784416	None
chr1	18784422	18784422	CpG Island	None	Intergenic	False	chr1_18784422_18784422	None
chr1	18784425	18784425	CpG Island	None	Intergenic	False	chr1_18784425_18784425	None
chr1	18784430	18784430	CpG Island	None	Intergenic	False	chr1_18784430_18784430	None
chr1	18784434	18784434	CpG Island	None	Intergenic	False	chr1_18784434_18784434	None
chr1	18784437	18784437	CpG Island	None	Intergenic	False	chr1_18784437_18784437	None
chr1	18784455	18784455	CpG Shore	None	Intergenic	False	chr1_18784455_18784455	None
chr1	18784484	18784484	CpG Shore	None	Intergenic	False	chr1_18784484_18784484	None
chr1	18784540	18784540	CpG Shore	None	Intergenic	False	chr1_18784540_18784540	None
chr1	24911704	24911704	CpG Shelf	RUNX3	Intron	False	chr1_24911704_24911704	RUNX3
chr1	24911713	24911713	CpG Shelf	RUNX3	Intron	False	chr1_24911713_24911713	RUNX3
chr1	26290043	26290043	OpenSea	UBXN11	Intron	True	chr1_26290043_26290043	UBXN11
chr1	33180370	33180370	CpG Shore	TRIM62	Intron	True	chr1_33180370_33180370	TRIM62
chr1	33180370	33180370	CpG Shore	TRIM62	Far_Promoter	True	chr1_33180370_33180370	TRIM62
chr1	42936920	42936920	OpenSea	SLC2A1	Intron	False	chr1_42936920_42936920	SLC2A1
chr1	47766506	47766506	OpenSea	TRABD2B	Promoter	False	chr1_47766506_47766506	TRABD2B
chr1	47766506	47766506	OpenSea	TRABD2B	Intron	False	chr1_47766506_47766506	TRABD2B
chr1	54356702	54356702	CpG Shore	SSBP3	IntronExonBoundary	False	chr1_54356702_54356702	SSBP3
chr1	54356702	54356702	CpG Shore	SSBP3	Intron	False	chr1_54356702_54356702	SSBP3
chr1	54356702	54356702	CpG Shore	SSBP3	Exon	False	chr1_54356702_54356702	SSBP3
chr1	54651327	54651327	OpenSea	MROH7-TTC4	Intron	False	chr1_54651327_54651327	MROH7-TTC4
chr1	54651327	54651327	OpenSea	MROH7	5'UTR	False	chr1_54651327_54651327	MROH7
chr1	54651327	54651327	OpenSea	MROH7	Far_Promoter	False	chr1_54651327_54651327	MROH7
chr1	54651327	54651327	OpenSea	MROH7	Promoter	False	chr1_54651327_54651327	MROH7
chr1	54651327	54651327	OpenSea	MROH7	Intron	False	chr1_54651327_54651327	MROH7
chr1	54651327	54651327	OpenSea	MROH7	Exon	False	chr1_54651327_54651327	MROH7
chr1	77349833	77349833	OpenSea	ENST00000436206.1	Promoter	False	chr1_77349833_77349833	ENSG00000233099
chr1	77349833	77349833	OpenSea	AK5	Intron	False	chr1_77349833_77349833	AK5
chr1	93636457	93636457	OpenSea	BCAR3	Intron	False	chr1_93636457_93636457	BCAR3
chr1	95352487	95352487	OpenSea	LINC01650	Exon	False	chr1_95352487_95352487	LINC01650
chr1	95352487	95352487	OpenSea	LINC01650	IntronExonBoundary	False	chr1_95352487_95352487	LINC01650
chr1	95352487	95352487	OpenSea	LINC01650	Promoter	False	chr1_95352487_95352487	LINC01650
chr1	110209570	110209570	CpG Shore	KCNC4	Far_Promoter	False	chr1_110209570_110209570	KCNC4
chr1	110209570	110209570	CpG Shore	KCNC4-DT	Intron	False	chr1_110209570_110209570	KCNC4-DT
chr1	110209570	110209570	CpG Shore	KCNC4	Promoter	False	chr1_110209570_110209570	KCNC4
chr1	110209635	110209635	CpG Island	KCNC4	Far_Promoter	False	chr1_110209635_110209635	KCNC4
chr1	110209635	110209635	CpG Island	KCNC4-DT	Exon	False	chr1_110209635_110209635	KCNC4-DT
chr1	110209635	110209635	CpG Island	KCNC4	Promoter	False	chr1_110209635_110209635	KCNC4
chr1	110209658	110209658	CpG Island	KCNC4	Far_Promoter	False	chr1_110209658_110209658	KCNC4
chr1	110209658	110209658	CpG Island	KCNC4-DT	Exon	False	chr1_110209658_110209658	KCNC4-DT
chr1	110209658	110209658	CpG Island	KCNC4	Promoter	False	chr1_110209658_110209658	KCNC4
chr1	110209673	110209673	CpG Island	KCNC4	Far_Promoter	False	chr1_110209673_110209673	KCNC4
chr1	110209673	110209673	CpG Island	KCNC4-DT	Exon	False	chr1_110209673_110209673	KCNC4-DT
chr1	110209673	110209673	CpG Island	KCNC4	Promoter	False	chr1_110209673_110209673	KCNC4
chr1	110209708	110209708	CpG Island	KCNC4	Far_Promoter	False	chr1_110209708_110209708	KCNC4
chr1	110209708	110209708	CpG Island	KCNC4-DT	Exon	False	chr1_110209708_110209708	KCNC4-DT
chr1	110209708	110209708	CpG Island	KCNC4	Promoter	False	chr1_110209708_110209708	KCNC4
chr1	110209723	110209723	CpG Island	KCNC4	Far_Promoter	False	chr1_110209723_110209723	KCNC4
chr1	110209723	110209723	CpG Island	KCNC4-DT	Exon	False	chr1_110209723_110209723	KCNC4-DT
chr1	110209723	110209723	CpG Island	KCNC4	Promoter	False	chr1_110209723_110209723	KCNC4
chr1	110209725	110209725	CpG Island	KCNC4	Far_Promoter	False	chr1_110209725_110209725	KCNC4
chr1	110209725	110209725	CpG Island	KCNC4-DT	Exon	False	chr1_110209725_110209725	KCNC4-DT
chr1	110209725	110209725	CpG Island	KCNC4	Promoter	False	chr1_110209725_110209725	KCNC4
chr1	110209752	110209752	CpG Island	KCNC4	Far_Promoter	False	chr1_110209752_110209752	KCNC4
chr1	110209752	110209752	CpG Island	KCNC4-DT	Exon	False	chr1_110209752_110209752	KCNC4-DT
chr1	110209752	110209752	CpG Island	KCNC4	Promoter	False	chr1_110209752_110209752	KCNC4
chr1	111386766	111386766	OpenSea	PGBP	IntronExonBoundary	False	chr1_111386766_111386766	PGBP
chr1	111386766	111386766	OpenSea	PGBP	Exon	False	chr1_111386766_111386766	PGBP
chr1	119713084	119713084	CpG Shore	PHGDH	5'UTR	False	chr1_119713084_119713084	PHGDH
chr1	119713084	119713084	CpG Shore	PHGDH	Promoter	False	chr1_119713084_119713084	PHGDH
chr1	119713084	119713084	CpG Shore	PHGDH	IntronExonBoundary	False	chr1_119713084_119713084	PHGDH
chr1	119713084	119713084	CpG Shore	PHGDH	Far_Promoter	False	chr1_119713084_119713084	PHGDH
chr1	119713084	119713084	CpG Shore	PHGDH	Intron	False	chr1_119713084_119713084	PHGDH
chr1	119713084	119713084	CpG Shore	PHGDH	Exon	False	chr1_119713084_119713084	PHGDH
chr1	119713129	119713129	CpG Shore	PHGDH	5'UTR	False	chr1_119713129_119713129	PHGDH
chr1	119713129	119713129	CpG Shore	PHGDH	IntronExonBoundary	False	chr1_119713129_119713129	PHGDH
chr1	119713129	119713129	CpG Shore	PHGDH	Far_Promoter	False	chr1_119713129_119713129	PHGDH
chr1	119713129	119713129	CpG Shore	PHGDH	Intron	False	chr1_119713129_119713129	PHGDH
chr1	119713129	119713129	CpG Shore	PHGDH	Exon	False	chr1_119713129_119713129	PHGDH
chr1	119713142	119713142	CpG Shore	PHGDH	5'UTR	False	chr1_119713142_119713142	PHGDH
chr1	119713142	119713142	CpG Shore	PHGDH	IntronExonBoundary	False	chr1_119713142_119713142	PHGDH
chr1	119713142	119713142	CpG Shore	PHGDH	Far_Promoter	False	chr1_119713142_119713142	PHGDH
chr1	119713142	119713142	CpG Shore	PHGDH	Intron	False	chr1_119713142_119713142	PHGDH
chr1	119713142	119713142	CpG Shore	PHGDH	Exon	False	chr1_119713142_119713142	PHGDH
chr1	119713250	119713250	CpG Shore	PHGDH	IntronExonBoundary	False	chr1_119713250_119713250	PHGDH
chr1	119713250	119713250	CpG Shore	PHGDH	Exon	False	chr1_119713250_119713250	PHGDH
chr1	119713250	119713250	CpG Shore	PHGDH	Intron	False	chr1_119713250_119713250	PHGDH
chr1	119713250	119713250	CpG Shore	PHGDH	Far_Promoter	False	chr1_119713250_119713250	PHGDH
chr1	119713318	119713318	CpG Shore	PHGDH	Exon	True	chr1_119713318_119713318	PHGDH
chr1	119713318	119713318	CpG Shore	PHGDH	Intron	True	chr1_119713318_119713318	PHGDH
chr1	119713318	119713318	CpG Shore	PHGDH	Far_Promoter	True	chr1_119713318_119713318	PHGDH
chr1	119713338	119713338	CpG Shore	PHGDH	Exon	True	chr1_119713338_119713338	PHGDH
chr1	119713338	119713338	CpG Shore	PHGDH	Intron	True	chr1_119713338_119713338	PHGDH
chr1	119713338	119713338	CpG Shore	PHGDH	Far_Promoter	True	chr1_119713338_119713338	PHGDH
chr1	119713369	119713369	CpG Shore	PHGDH	Exon	True	chr1_119713369_119713369	PHGDH
chr1	119713369	119713369	CpG Shore	PHGDH	Intron	True	chr1_119713369_119713369	PHGDH
chr1	119713369	119713369	CpG Shore	PHGDH	Far_Promoter	True	chr1_119713369_119713369	PHGDH
chr1	119713529	119713529	CpG Shore	PHGDH	Promoter	True	chr1_119713529_119713529	PHGDH
chr1	119713529	119713529	CpG Shore	PHGDH	Intron	True	chr1_119713529_119713529	PHGDH
chr1	119713529	119713529	CpG Shore	PHGDH	Far_Promoter	True	chr1_119713529_119713529	PHGDH
chr1	156659234	156659234	CpG Shore	BCAN	3'UTR	False	chr1_156659234_156659234	BCAN
chr1	156659234	156659234	CpG Shore	BCAN	Exon	False	chr1_156659234_156659234	BCAN
chr1	156659234	156659234	CpG Shore	BCAN-AS1	Intron	False	chr1_156659234_156659234	BCAN-AS1
chr1	182061557	182061557	OpenSea	ENST00000673963.1	Far_Promoter	False	chr1_182061557_182061557	ZNF648-202
chr1	182061557	182061557	OpenSea	ZNF648	IntronExonBoundary	False	chr1_182061557_182061557	ZNF648
chr1	182061557	182061557	OpenSea	ZNF648	Intron	False	chr1_182061557_182061557	ZNF648
chr1	183329014	183329014	OpenSea	NMNAT2	Intron	False	chr1_183329014_183329014	NMNAT2
chr1	245166662	245166662	OpenSea	KIF26B	Intron	False	chr1_245166662_245166662	KIF26B
chr1	245680824	245680824	OpenSea	LOC105373265	Far_Promoter	False	chr1_245680824_245680824	LOC105373265
chr1	245680824	245680824	OpenSea	KIF26B	Intron	False	chr1_245680824_245680824	KIF26B
chr1	246789555	246789555	CpG Shore	LINC01341	Intron	False	chr1_246789555_246789555	LINC01341
chr1	246789555	246789555	CpG Shore	ENST00000451123.5	Intron	False	chr1_246789555_246789555	ENSG00000293403
chr1	246789555	246789555	CpG Shore	LINC01341	IntronExonBoundary	False	chr1_246789555_246789555	LINC01341
chr1	246789555	246789555	CpG Shore	ENST00000504864.7	IntronExonBoundary	False	chr1_246789555_246789555	KIF28P-201
chr1	246789555	246789555	CpG Shore	ENST00000451123.5	IntronExonBoundary	False	chr1_246789555_246789555	ENSG00000293403
chr1	246789555	246789555	CpG Shore	ENST00000504864.7	Intron	False	chr1_246789555_246789555	KIF28P-201
chr1	246789555	246789555	CpG Shore	LINC01341	Exon	False	chr1_246789555_246789555	LINC01341
chr10	697452	697452	CpG Island	None	Intergenic	False	chr10_697452_697452	None
chr10	2105023	2105023	OpenSea	None	Intergenic	False	chr10_2105023_2105023	None
chr10	3116656	3116656	CpG Shelf	PFKP	IntronExonBoundary	False	chr10_3116656_3116656	PFKP
chr10	3116656	3116656	CpG Shelf	PFKP	Intron	False	chr10_3116656_3116656	PFKP
chr10	5646602	5646602	CpG Shore	ASB13	Intron	False	chr10_5646602_5646602	ASB13
chr10	5646602	5646602	CpG Shore	ASB13	Far_Promoter	False	chr10_5646602_5646602	ASB13
chr10	23203937	23203937	OpenSea	C10orf67	Exon	False	chr10_23203937_23203937	C10orf67
chr10	23203937	23203937	OpenSea	C10orf67	3'UTR	False	chr10_23203937_23203937	C10orf67
chr10	36449660	36449660	OpenSea	None	Intergenic	False	chr10_36449660_36449660	None
chr10	36449666	36449666	OpenSea	None	Intergenic	False	chr10_36449666_36449666	None
chr10	48655841	48655841	CpG Island	ARHGAP22	Far_Promoter	False	chr10_48655841_48655841	ARHGAP22
chr10	48655841	48655841	CpG Island	ARHGAP22	5'UTR	False	chr10_48655841_48655841	ARHGAP22
chr10	48655841	48655841	CpG Island	ARHGAP22	Exon	False	chr10_48655841_48655841	ARHGAP22
chr10	52778842	52778842	OpenSea	None	Intergenic	False	chr10_52778842_52778842	None
chr10	52778855	52778855	OpenSea	None	Intergenic	False	chr10_52778855_52778855	None
chr10	69484594	69484594	OpenSea	TSPAN15	Intron	False	chr10_69484594_69484594	TSPAN15
chr10	71819460	71819460	OpenSea	PSAP	Promoter	False	chr10_71819460_71819460	PSAP
chr10	71819460	71819460	OpenSea	PSAP	Intron	False	chr10_71819460_71819460	PSAP
chr10	71819460	71819460	OpenSea	PSAP	IntronExonBoundary	False	chr10_71819460_71819460	PSAP
chr10	71819648	71819648	OpenSea	PSAP	Promoter	False	chr10_71819648_71819648	PSAP
chr10	71819648	71819648	OpenSea	PSAP	Intron	False	chr10_71819648_71819648	PSAP
chr10	71819648	71819648	OpenSea	PSAP	IntronExonBoundary	False	chr10_71819648_71819648	PSAP
chr10	77710550	77710550	CpG Shore	None	Intergenic	False	chr10_77710550_77710550	None
chr10	99658726	99658726	CpG Shore	SLC25A28	Intron	False	chr10_99658726_99658726	SLC25A28
chr10	99658726	99658726	CpG Shore	ENTPD7	Promoter	False	chr10_99658726_99658726	ENTPD7
chr10	99658726	99658726	CpG Shore	COX15	Intron	False	chr10_99658726_99658726	COX15
chr10	104335296	104335296	CpG Shelf	ITPRIP	Far_Promoter	True	chr10_104335296_104335296	ITPRIP
chr10	104335296	104335296	CpG Shelf	ITPRIP	Intron	True	chr10_104335296_104335296	ITPRIP
chr10	119028861	119028861	CpG Shore	NANOS1	Far_Promoter	False	chr10_119028861_119028861	NANOS1
chr10	119028861	119028861	CpG Shore	NANOS1	Promoter	False	chr10_119028861_119028861	NANOS1
chr10	119028861	119028861	CpG Shore	ENST00000663084.1	Intron	False	chr10_119028861_119028861	LINC03036-202
chr10	122258371	122258371	OpenSea	None	Intergenic	False	chr10_122258371_122258371	None
chr10	128062100	128062100	OpenSea	PTPRE	Intron	False	chr10_128062100_128062100	PTPRE
chr10	128062100	128062100	OpenSea	PTPRE	Promoter	False	chr10_128062100_128062100	PTPRE
chr10	129510991	129510991	OpenSea	MGMT	Intron	False	chr10_129510991_129510991	MGMT
chr10	129511483	129511483	OpenSea	MGMT	Intron	False	chr10_129511483_129511483	MGMT
chr10	133024302	133024302	CpG Shore	None	Intergenic	False	chr10_133024302_133024302	None
chr11	362564	362564	OpenSea	None	Intergenic	False	chr11_362564_362564	None
chr11	1639290	1639290	OpenSea	None	Intergenic	False	chr11_1639290_1639290	None
chr11	1784724	1784724	OpenSea	None	Intergenic	False	chr11_1784724_1784724	None
chr11	8242487	8242487	OpenSea	LMO1	Intron	False	chr11_8242487_8242487	LMO1
chr11	15941621	15941621	CpG Island	None	Intergenic	False	chr11_15941621_15941621	None
chr11	15941632	15941632	CpG Island	None	Intergenic	False	chr11_15941632_15941632	None
chr11	15941650	15941650	CpG Island	None	Intergenic	False	chr11_15941650_15941650	None
chr11	18171995	18171995	OpenSea	MRGPRX4	Promoter	False	chr11_18171995_18171995	MRGPRX4
chr11	18171995	18171995	OpenSea	ENST00000527671.1	Intron	False	chr11_18171995_18171995	ENSG00000255470
chr11	45651196	45651196	CpG Shore	CHST1	Intron	False	chr11_45651196_45651196	CHST1
chr11	45651196	45651196	CpG Shore	ENST00000525563.1	Promoter	False	chr11_45651196_45651196	ENSG00000255091
chr11	45651196	45651196	CpG Shore	CHST1	Far_Promoter	False	chr11_45651196_45651196	CHST1
chr11	45652620	45652620	CpG Shore	ENST00000525563.1	Exon	False	chr11_45652620_45652620	ENSG00000255091
chr11	45652620	45652620	CpG Shore	ENST00000525563.1	IntronExonBoundary	False	chr11_45652620_45652620	ENSG00000255091
chr11	45652620	45652620	CpG Shore	CHST1	Intron	False	chr11_45652620_45652620	CHST1
chr11	45652620	45652620	CpG Shore	CHST1	Far_Promoter	False	chr11_45652620_45652620	CHST1
chr11	45652620	45652620	CpG Shore	CHST1	IntronExonBoundary	False	chr11_45652620_45652620	CHST1
chr11	45927384	45927384	OpenSea	LARGE2	Exon	False	chr11_45927384_45927384	LARGE2
chr11	45927384	45927384	OpenSea	LARGE2	Intron	False	chr11_45927384_45927384	LARGE2
chr11	45927384	45927384	OpenSea	LARGE2	IntronExonBoundary	False	chr11_45927384_45927384	LARGE2
chr11	45927384	45927384	OpenSea	LARGE2	Promoter	False	chr11_45927384_45927384	LARGE2
chr11	65791281	65791281	CpG Shelf	OVOL1-AS1	Far_Promoter	False	chr11_65791281_65791281	OVOL1-AS1
chr11	65791281	65791281	CpG Shelf	OVOL1-AS1	Promoter	False	chr11_65791281_65791281	OVOL1-AS1
chr11	65791281	65791281	CpG Shelf	OVOL1	Intron	False	chr11_65791281_65791281	OVOL1
chr11	65791281	65791281	CpG Shelf	OVOL1	Far_Promoter	False	chr11_65791281_65791281	OVOL1
chr11	65791525	65791525	CpG Shelf	OVOL1-AS1	Far_Promoter	False	chr11_65791525_65791525	OVOL1-AS1
chr11	65791525	65791525	CpG Shelf	OVOL1-AS1	Promoter	False	chr11_65791525_65791525	OVOL1-AS1
chr11	65791525	65791525	CpG Shelf	OVOL1	Intron	False	chr11_65791525_65791525	OVOL1
chr11	65791525	65791525	CpG Shelf	OVOL1	Far_Promoter	False	chr11_65791525_65791525	OVOL1
chr11	67407390	67407390	CpG Shelf	TBC1D10C	Far_Promoter	False	chr11_67407390_67407390	TBC1D10C
chr11	67407390	67407390	CpG Shelf	TBC1D10C	Exon	False	chr11_67407390_67407390	TBC1D10C
chr11	67407390	67407390	CpG Shelf	PPP1CA	Intron	False	chr11_67407390_67407390	PPP1CA
chr11	67407390	67407390	CpG Shelf	TBC1D10C	Intron	False	chr11_67407390_67407390	TBC1D10C
chr11	67407390	67407390	CpG Shelf	PPP1CA	Promoter	False	chr11_67407390_67407390	PPP1CA
chr11	67407390	67407390	CpG Shelf	PPP1CA	IntronExonBoundary	False	chr11_67407390_67407390	PPP1CA
chr11	68037913	68037913	CpG Shore	TCIRG1	Far_Promoter	False	chr11_68037913_68037913	TCIRG1
chr11	71476578	71476578	OpenSea	NADSYN1	Far_Promoter	False	chr11_71476578_71476578	NADSYN1
chr11	71476578	71476578	OpenSea	NADSYN1	Intron	False	chr11_71476578_71476578	NADSYN1
chr11	71476578	71476578	OpenSea	NADSYN1	Exon	False	chr11_71476578_71476578	NADSYN1
chr11	71476578	71476578	OpenSea	NADSYN1	3'UTR	False	chr11_71476578_71476578	NADSYN1
chr11	71477216	71477216	OpenSea	NADSYN1	3'UTR	False	chr11_71477216_71477216	NADSYN1
chr11	71477216	71477216	OpenSea	NADSYN1	Exon	False	chr11_71477216_71477216	NADSYN1
chr11	71477216	71477216	OpenSea	NADSYN1	Intron	False	chr11_71477216_71477216	NADSYN1
chr11	71477216	71477216	OpenSea	NADSYN1	Far_Promoter	False	chr11_71477216_71477216	NADSYN1
chr11	71477216	71477216	OpenSea	NADSYN1	IntronExonBoundary	False	chr11_71477216_71477216	NADSYN1
chr11	72822715	72822715	CpG Island	ATG16L2	Intron	False	chr11_72822715_72822715	ATG16L2
chr11	72822715	72822715	CpG Island	ATG16L2	Far_Promoter	False	chr11_72822715_72822715	ATG16L2
chr11	72822715	72822715	CpG Island	ATG16L2	Exon	False	chr11_72822715_72822715	ATG16L2
chr11	72822715	72822715	CpG Island	ATG16L2	3'UTR	False	chr11_72822715_72822715	ATG16L2
chr11	72822715	72822715	CpG Island	ATG16L2	IntronExonBoundary	False	chr11_72822715_72822715	ATG16L2
chr11	77128083	77128083	OpenSea	MYO7A	Promoter	False	chr11_77128083_77128083	MYO7A
chr11	88338694	88338694	CpG Shore	CTSC	Far_Promoter	False	chr11_88338694_88338694	CTSC
chr11	88338694	88338694	CpG Shore	CTSC	Promoter	False	chr11_88338694_88338694	CTSC
chr11	88338694	88338694	CpG Shore	CTSC	Intron	False	chr11_88338694_88338694	CTSC
chr11	94401840	94401840	CpG Shore	GPR83	Promoter	False	chr11_94401840_94401840	GPR83
chr11	94401850	94401850	CpG Shore	GPR83	Promoter	False	chr11_94401850_94401850	GPR83
chr11	102808169	102808169	OpenSea	ENST00000546014.1	Promoter	False	chr11_102808169_102808169	ENSG00000256035
chr11	102808169	102808169	OpenSea	WTAPP1	Intron	False	chr11_102808169_102808169	WTAPP1
chr11	116414556	116414556	OpenSea	None	Intergenic	False	chr11_116414556_116414556	None
chr11	119423567	119423567	CpG Shore	THY1	Promoter	False	chr11_119423567_119423567	THY1
chr11	119423567	119423567	CpG Shore	THY1	Far_Promoter	False	chr11_119423567_119423567	THY1
chr11	119423567	119423567	CpG Shore	ENST00000584021.1	Far_Promoter	False	chr11_119423567_119423567	THY1-210
chr11	119423567	119423567	CpG Shore	THY1	Intron	False	chr11_119423567_119423567	THY1
chr11	119423567	119423567	CpG Shore	USP2-AS1	Intron	False	chr11_119423567_119423567	USP2-AS1
chr11	122618765	122618765	OpenSea	ENST00000526011.2	Far_Promoter	False	chr11_122618765_122618765	GLULP3-201
chr11	122618765	122618765	OpenSea	ENST00000531724.1	Promoter	False	chr11_122618765_122618765	ENSG00000254935
chr11	125609467	125609467	OpenSea	STT3A	Exon	False	chr11_125609467_125609467	STT3A
chr11	125609467	125609467	OpenSea	STT3A	Far_Promoter	False	chr11_125609467_125609467	STT3A
chr11	125609467	125609467	OpenSea	STT3A	IntronExonBoundary	False	chr11_125609467_125609467	STT3A
chr11	133077337	133077337	OpenSea	OPCML	Intron	False	chr11_133077337_133077337	OPCML
chr12	1350578	1350578	OpenSea	ERC1	Intron	False	chr12_1350578_1350578	ERC1
chr12	1629126	1629126	CpG Shore	WNT5B	Promoter	False	chr12_1629126_1629126	WNT5B
chr12	1629126	1629126	CpG Shore	WNT5B	Far_Promoter	False	chr12_1629126_1629126	WNT5B
chr12	1629126	1629126	CpG Shore	WNT5B	Intron	False	chr12_1629126_1629126	WNT5B
chr12	1922339	1922339	OpenSea	LOC112268103	Intron	False	chr12_1922339_1922339	LOC112268103
chr12	1922339	1922339	OpenSea	CACNA2D4	Far_Promoter	False	chr12_1922339_1922339	CACNA2D4
chr12	12926708	12926708	OpenSea	GPRC5D-AS1	Far_Promoter	False	chr12_12926708_12926708	GPRC5D-AS1
chr12	27245313	27245313	CpG Shore	STK38L	Intron	False	chr12_27245313_27245313	STK38L
chr12	27245313	27245313	CpG Shore	STK38L	Promoter	False	chr12_27245313_27245313	STK38L
chr12	31893384	31893384	OpenSea	LINC02422	Intron	False	chr12_31893384_31893384	LINC02422
chr12	31893384	31893384	OpenSea	ENST00000498198.2	Far_Promoter	False	chr12_31893384_31893384	ENSG00000244436
chr12	31893384	31893384	OpenSea	ENST00000541142.1	Exon	False	chr12_31893384_31893384	ENSG00000256465
chr12	32108404	32108404	CpG Shore	ENST00000551848.1	3'UTR	False	chr12_32108404_32108404	BICD1-206
chr12	32108404	32108404	CpG Shore	BICD1	Intron	False	chr12_32108404_32108404	BICD1
chr12	32108404	32108404	CpG Shore	ENST00000551974.1	Promoter	False	chr12_32108404_32108404	BICD1-AS1-201
chr12	32108404	32108404	CpG Shore	ENST00000551848.1	Exon	False	chr12_32108404_32108404	BICD1-206
chr12	32108404	32108404	CpG Shore	ENST00000619744.1	Promoter	False	chr12_32108404_32108404	ENSG00000277342
chr12	106022437	106022437	OpenSea	None	Intergenic	False	chr12_106022437_106022437	None
chr12	107775813	107775813	CpG Shore	ASCL4	Exon	False	chr12_107775813_107775813	ASCL4
chr12	107775813	107775813	CpG Shore	ASCL4	3'UTR	False	chr12_107775813_107775813	ASCL4
chr12	114734793	114734793	CpG Shore	LOC105369999	Exon	False	chr12_114734793_114734793	LOC105369999
chr12	114734793	114734793	CpG Shore	LOC107984437	Intron	False	chr12_114734793_114734793	LOC107984437
chr12	114734793	114734793	CpG Shore	LOC107984437	Promoter	False	chr12_114734793_114734793	LOC107984437
chr12	114734793	114734793	CpG Shore	ENST00000516650.1	Far_Promoter	False	chr12_114734793_114734793	ENSG00000252459
chr12	116511123	116511123	CpG Shelf	LINC02457	Intron	False	chr12_116511123_116511123	LINC02457
chr12	120642282	120642282	CpG Shore	CABP1-DT	Promoter	False	chr12_120642282_120642282	CABP1-DT
chr12	120642282	120642282	CpG Shore	CABP1-DT	Far_Promoter	False	chr12_120642282_120642282	CABP1-DT
chr12	120642282	120642282	CpG Shore	CABP1	Intron	False	chr12_120642282_120642282	CABP1
chr12	124217764	124217764	OpenSea	ZNF664-RFLNA	Intron	False	chr12_124217764_124217764	ZNF664-RFLNA
chr12	124391963	124391963	CpG Shelf	NCOR2	Far_Promoter	False	chr12_124391963_124391963	NCOR2
chr12	124391963	124391963	CpG Shelf	NCOR2	Intron	False	chr12_124391963_124391963	NCOR2
chr12	130473821	130473821	OpenSea	RIMBP2	Intron	False	chr12_130473821_130473821	RIMBP2
chr12	130634016	130634016	OpenSea	RIMBP2	Promoter	False	chr12_130634016_130634016	RIMBP2
chr12	130634016	130634016	OpenSea	RIMBP2	Intron	False	chr12_130634016_130634016	RIMBP2
chr12	130634016	130634016	OpenSea	RIMBP2	IntronExonBoundary	False	chr12_130634016_130634016	RIMBP2
chr12	130634081	130634081	OpenSea	RIMBP2	Promoter	False	chr12_130634081_130634081	RIMBP2
chr12	130634081	130634081	OpenSea	RIMBP2	Intron	False	chr12_130634081_130634081	RIMBP2
chr12	132386028	132386028	CpG Shelf	None	Intergenic	False	chr12_132386028_132386028	None
chr13	25170416	25170416	CpG Island	AMER2	IntronExonBoundary	False	chr13_25170416_25170416	AMER2
chr13	25170416	25170416	CpG Island	LINC01053	Intron	False	chr13_25170416_25170416	LINC01053
chr13	25170416	25170416	CpG Island	AMER2	Exon	False	chr13_25170416_25170416	AMER2
chr13	26046638	26046638	CpG Shelf	SHISA2	Exon	False	chr13_26046638_26046638	SHISA2
chr13	36918993	36918993	CpG Shore	SMAD9	Intron	False	chr13_36918993_36918993	SMAD9
chr13	36918993	36918993	CpG Shore	ENST00000428620.1	Far_Promoter	False	chr13_36918993_36918993	LAMTOR3P1-201
chr13	50389415	50389415	OpenSea	LOC107984567	Promoter	False	chr13_50389415_50389415	LOC107984567
chr13	50389415	50389415	OpenSea	DLEU1	Intron	False	chr13_50389415_50389415	DLEU1
chr13	50389415	50389415	OpenSea	DLEU1	Exon	False	chr13_50389415_50389415	DLEU1
chr13	50389415	50389415	OpenSea	ENST00000652118.1	Far_Promoter	False	chr13_50389415_50389415	ENSG00000286191
chr13	50389415	50389415	OpenSea	DLEU1	Promoter	False	chr13_50389415_50389415	DLEU1
chr13	78659432	78659432	CpG Shore	OBI1	Promoter	False	chr13_78659432_78659432	OBI1
chr13	78660116	78660116	CpG Shore	OBI1	Promoter	False	chr13_78660116_78660116	OBI1
chr13	78660183	78660183	CpG Shore	OBI1	Far_Promoter	False	chr13_78660183_78660183	OBI1
chr13	98449135	98449135	OpenSea	ENST00000597596.1	Exon	False	chr13_98449135_98449135	FARP1-221
chr13	98449135	98449135	OpenSea	FARP1	3'UTR	False	chr13_98449135_98449135	FARP1
chr13	98449135	98449135	OpenSea	STK24	Exon	False	chr13_98449135_98449135	STK24
chr13	98449135	98449135	OpenSea	STK24	3'UTR	False	chr13_98449135_98449135	STK24
chr13	98449135	98449135	OpenSea	FARP1	Exon	False	chr13_98449135_98449135	FARP1
chr13	98449135	98449135	OpenSea	ENST00000600380.1	Exon	False	chr13_98449135_98449135	FARP1-230
chr13	99972635	99972635	CpG Shore	ZIC5	Promoter	False	chr13_99972635_99972635	ZIC5
chr13	112076215	112076215	CpG Shelf	SOX1-OT	Far_Promoter	False	chr13_112076215_112076215	SOX1-OT
chr13	112076215	112076215	CpG Shelf	SOX1-OT	Intron	False	chr13_112076215_112076215	SOX1-OT
chr13	113333124	113333124	OpenSea	GRTP1	Intron	False	chr13_113333124_113333124	GRTP1
chr14	20617841	20617841	OpenSea	ENST00000496941.1	Promoter	False	chr14_20617841_20617841	ENSG00000239327
chr14	20617846	20617846	OpenSea	ENST00000496941.1	Promoter	False	chr14_20617846_20617846	ENSG00000239327
chr14	58716855	58716855	OpenSea	LINC01500	Intron	False	chr14_58716855_58716855	LINC01500
chr14	58716878	58716878	OpenSea	LINC01500	Intron	False	chr14_58716878_58716878	LINC01500
chr14	61406976	61406976	OpenSea	PRKCH	Intron	False	chr14_61406976_61406976	PRKCH
chr14	70223744	70223744	OpenSea	LOC646548	Intron	False	chr14_70223744_70223744	LOC646548
chr14	70223744	70223744	OpenSea	LOC646548	Promoter	False	chr14_70223744_70223744	LOC646548
chr14	70223764	70223764	OpenSea	LOC646548	Intron	False	chr14_70223764_70223764	LOC646548
chr14	70223764	70223764	OpenSea	LOC646548	Promoter	False	chr14_70223764_70223764	LOC646548
chr14	70555948	70555948	OpenSea	ENST00000620487.1	Promoter	False	chr14_70555948_70555948	ENSG00000274397
chr14	70556040	70556040	OpenSea	ENST00000620487.1	Promoter	False	chr14_70556040_70556040	ENSG00000274397
chr14	71110762	71110762	OpenSea	PCNX1	Exon	False	chr14_71110762_71110762	PCNX1
chr14	71110762	71110762	OpenSea	PCNX1	3'UTR	False	chr14_71110762_71110762	PCNX1
chr14	94062736	94062736	OpenSea	DDX24	Intron	False	chr14_94062736_94062736	DDX24
chr14	94062736	94062736	OpenSea	DDX24	Promoter	False	chr14_94062736_94062736	DDX24
chr14	94062736	94062736	OpenSea	DDX24	IntronExonBoundary	False	chr14_94062736_94062736	DDX24
chr14	105862948	105862948	OpenSea	MIR4537	Far_Promoter	False	chr14_105862948_105862948	MIR4537
chr14	105862948	105862948	OpenSea	MIR4538	Far_Promoter	False	chr14_105862948_105862948	MIR4538
chr14	105862948	105862948	OpenSea	MIR4507	Far_Promoter	False	chr14_105862948_105862948	MIR4507
chr14	105863516	105863516	CpG Shelf	ENST00000436826.1	IntronExonBoundary	False	chr14_105863516_105863516	IGHJ3P-201
chr14	105863516	105863516	CpG Shelf	ENST00000390560.2	Promoter	False	chr14_105863516_105863516	IGHJ6-201
chr14	105863516	105863516	CpG Shelf	MIR4537	Far_Promoter	False	chr14_105863516_105863516	MIR4537
chr14	105863516	105863516	CpG Shelf	ENST00000436826.1	Promoter	False	chr14_105863516_105863516	IGHJ3P-201
chr14	105863560	105863560	CpG Shelf	ENST00000436826.1	IntronExonBoundary	False	chr14_105863560_105863560	IGHJ3P-201
chr14	105863560	105863560	CpG Shelf	ENST00000390560.2	Promoter	False	chr14_105863560_105863560	IGHJ6-201
chr14	105863560	105863560	CpG Shelf	MIR4537	Far_Promoter	False	chr14_105863560_105863560	MIR4537
chr14	105863560	105863560	CpG Shelf	ENST00000436826.1	Promoter	False	chr14_105863560_105863560	IGHJ3P-201
chr14	105863571	105863571	CpG Shelf	ENST00000436826.1	IntronExonBoundary	False	chr14_105863571_105863571	IGHJ3P-201
chr14	105863571	105863571	CpG Shelf	ENST00000390560.2	Promoter	False	chr14_105863571_105863571	IGHJ6-201
chr14	105863571	105863571	CpG Shelf	MIR4537	Far_Promoter	False	chr14_105863571_105863571	MIR4537
chr14	105863571	105863571	CpG Shelf	ENST00000436826.1	Promoter	False	chr14_105863571_105863571	IGHJ3P-201
chr14	105863646	105863646	CpG Shelf	ENST00000436826.1	IntronExonBoundary	False	chr14_105863646_105863646	IGHJ3P-201
chr14	105863646	105863646	CpG Shelf	ENST00000390560.2	Promoter	False	chr14_105863646_105863646	IGHJ6-201
chr14	105863646	105863646	CpG Shelf	MIR4537	Far_Promoter	False	chr14_105863646_105863646	MIR4537
chr14	105863646	105863646	CpG Shelf	ENST00000436826.1	Promoter	False	chr14_105863646_105863646	IGHJ3P-201
chr15	39587316	39587316	OpenSea	THBS1	Intron	False	chr15_39587316_39587316	THBS1
chr15	39587316	39587316	OpenSea	THBS1	IntronExonBoundary	False	chr15_39587316_39587316	THBS1
chr15	39587316	39587316	OpenSea	THBS1	Promoter	False	chr15_39587316_39587316	THBS1
chr15	39587316	39587316	OpenSea	THBS1	Far_Promoter	False	chr15_39587316_39587316	THBS1
chr15	51077665	51077665	OpenSea	MIR4713HG	Intron	False	chr15_51077665_51077665	MIR4713HG
chr15	51077665	51077665	OpenSea	TNFAIP8L3	Intron	False	chr15_51077665_51077665	TNFAIP8L3
chr16	304287	304287	CpG Island	AXIN1	Intron	False	chr16_304287_304287	AXIN1
chr16	304287	304287	CpG Island	AXIN1	IntronExonBoundary	False	chr16_304287_304287	AXIN1
chr16	734765	734765	CpG Island	CIAO3	Far_Promoter	False	chr16_734765_734765	CIAO3
chr16	734765	734765	CpG Island	CIAO3	Promoter	False	chr16_734765_734765	CIAO3
chr16	734765	734765	CpG Island	HAGHL	Exon	False	chr16_734765_734765	HAGHL
chr16	734765	734765	CpG Island	CIAO3	IntronExonBoundary	False	chr16_734765_734765	CIAO3
chr16	734765	734765	CpG Island	CIAO3	Exon	False	chr16_734765_734765	CIAO3
chr16	734765	734765	CpG Island	ENST00000569604.1	Exon	False	chr16_734765_734765	HAGHL-219
chr16	922587	922587	CpG Island	LMF1-AS1	Intron	False	chr16_922587_922587	LMF1-AS1
chr16	922587	922587	CpG Island	LMF1	Intron	False	chr16_922587_922587	LMF1
chr16	962568	962568	CpG Shore	LMF1	Intron	False	chr16_962568_962568	LMF1
chr16	6375679	6375679	OpenSea	RBFOX1	Intron	False	chr16_6375679_6375679	RBFOX1
chr16	6375679	6375679	OpenSea	ENST00000665170.1	Far_Promoter	False	chr16_6375679_6375679	ENSG00000286635
chr16	49278023	49278023	CpG Shore	CBLN1	Exon	False	chr16_49278023_49278023	CBLN1
chr16	49278023	49278023	CpG Shore	LOC105371241	Far_Promoter	False	chr16_49278023_49278023	LOC105371241
chr16	49278023	49278023	CpG Shore	CBLN1	3'UTR	False	chr16_49278023_49278023	CBLN1
chr16	49278023	49278023	CpG Shore	LOC102724859	Far_Promoter	False	chr16_49278023_49278023	LOC102724859
chr16	53373703	53373703	CpG Island	LOC102723373	Exon	False	chr16_53373703_53373703	LOC102723373
chr16	53373703	53373703	CpG Island	MPHOSPH10P1	Promoter	False	chr16_53373703_53373703	MPHOSPH10P1
chr16	53373703	53373703	CpG Island	LOC102723373	Far_Promoter	False	chr16_53373703_53373703	LOC102723373
chr16	53373703	53373703	CpG Island	MPHOSPH10P1	Far_Promoter	False	chr16_53373703_53373703	MPHOSPH10P1
chr16	66429021	66429021	CpG Shore	BEAN1	Intron	False	chr16_66429021_66429021	BEAN1
chr16	67661640	67661640	CpG Island	PARD6A	Intron	False	chr16_67661640_67661640	PARD6A
chr16	67661640	67661640	CpG Island	PARD6A	IntronExonBoundary	False	chr16_67661640_67661640	PARD6A
chr16	67661640	67661640	CpG Island	PARD6A	Exon	False	chr16_67661640_67661640	PARD6A
chr16	67661640	67661640	CpG Island	ACD	Far_Promoter	False	chr16_67661640_67661640	ACD
chr16	67661640	67661640	CpG Island	ACD	Promoter	False	chr16_67661640_67661640	ACD
chr16	75252111	75252111	CpG Shore	BCAR1	Promoter	False	chr16_75252111_75252111	BCAR1
chr16	75252111	75252111	CpG Shore	BCAR1	Intron	False	chr16_75252111_75252111	BCAR1
chr16	75252111	75252111	CpG Shore	BCAR1	Far_Promoter	False	chr16_75252111_75252111	BCAR1
chr16	75252111	75252111	CpG Shore	ENST00000624205.1	Far_Promoter	False	chr16_75252111_75252111	ENSG00000280152
chr16	82329245	82329245	OpenSea	None	Intergenic	False	chr16_82329245_82329245	None
chr16	83246822	83246822	OpenSea	CDH13	Intron	False	chr16_83246822_83246822	CDH13
chr16	88200443	88200443	CpG Island	None	Intergenic	False	chr16_88200443_88200443	None
chr16	89822278	89822278	OpenSea	SPIRE2	Intron	False	chr16_89822278_89822278	SPIRE2
chr16	89822278	89822278	OpenSea	ENST00000565103.1	Exon	False	chr16_89822278_89822278	SPIRE2-207
chr16	89822278	89822278	OpenSea	ENST00000565103.1	IntronExonBoundary	False	chr16_89822278_89822278	SPIRE2-207
chr17	8163379	8163379	CpG Shore	VAMP2	IntronExonBoundary	False	chr17_8163379_8163379	VAMP2
chr17	8163379	8163379	CpG Shore	VAMP2	Promoter	False	chr17_8163379_8163379	VAMP2
chr17	8163379	8163379	CpG Shore	VAMP2	Intron	False	chr17_8163379_8163379	VAMP2
chr17	35741099	35741099	CpG Island	RASL10B	Exon	False	chr17_35741099_35741099	RASL10B
chr17	35741099	35741099	CpG Island	TAF15	Intron	False	chr17_35741099_35741099	TAF15
chr17	35741099	35741099	CpG Island	RASL10B	IntronExonBoundary	False	chr17_35741099_35741099	RASL10B
chr17	40719056	40719056	OpenSea	ENST00000449164.1	IntronExonBoundary	False	chr17_40719056_40719056	KRT223P-201
chr17	40719056	40719056	OpenSea	ENST00000422957.1	IntronExonBoundary	False	chr17_40719056_40719056	ENST00000422957.1
chr17	40719056	40719056	OpenSea	ENST00000422957.1	Exon	False	chr17_40719056_40719056	ENST00000422957.1
chr17	40719056	40719056	OpenSea	ENST00000449164.1	Exon	False	chr17_40719056_40719056	KRT223P-201
chr17	40938056	40938056	OpenSea	KRT23	Promoter	False	chr17_40938056_40938056	KRT23
chr17	40938056	40938056	OpenSea	KRT23	Far_Promoter	False	chr17_40938056_40938056	KRT23
chr17	40938056	40938056	OpenSea	LOC107985072	Intron	False	chr17_40938056_40938056	LOC107985072
chr17	42023858	42023858	CpG Shelf	NKIRAS2	Exon	False	chr17_42023858_42023858	NKIRAS2
chr17	42023858	42023858	CpG Shelf	DNAJC7	Far_Promoter	False	chr17_42023858_42023858	DNAJC7
chr17	42023858	42023858	CpG Shelf	NKIRAS2	3'UTR	False	chr17_42023858_42023858	NKIRAS2
chr17	42781280	42781280	CpG Island	WNK4	Far_Promoter	False	chr17_42781280_42781280	WNK4
chr17	42781280	42781280	CpG Island	WNK4	Exon	False	chr17_42781280_42781280	WNK4
chr17	47852667	47852667	CpG Shore	SP6	Intron	False	chr17_47852667_47852667	SP6
chr17	47852667	47852667	CpG Shore	SP6	Far_Promoter	False	chr17_47852667_47852667	SP6
chr17	48604188	48604188	CpG Shelf	HOXB-AS3	Intron	False	chr17_48604188_48604188	HOXB-AS3
chr17	48604188	48604188	CpG Shelf	HOXB6	Intron	False	chr17_48604188_48604188	HOXB6
chr17	48604188	48604188	CpG Shelf	HOXB6	IntronExonBoundary	False	chr17_48604188_48604188	HOXB6
chr17	48604188	48604188	CpG Shelf	HOXB6	Promoter	False	chr17_48604188_48604188	HOXB6
chr17	48604230	48604230	CpG Shelf	HOXB-AS3	Intron	False	chr17_48604230_48604230	HOXB-AS3
chr17	48604230	48604230	CpG Shelf	HOXB6	Intron	False	chr17_48604230_48604230	HOXB6
chr17	48604230	48604230	CpG Shelf	HOXB6	IntronExonBoundary	False	chr17_48604230_48604230	HOXB6
chr17	48604230	48604230	CpG Shelf	HOXB6	Promoter	False	chr17_48604230_48604230	HOXB6
chr17	48604273	48604273	CpG Shelf	HOXB-AS3	Intron	False	chr17_48604273_48604273	HOXB-AS3
chr17	48604273	48604273	CpG Shelf	HOXB6	Intron	False	chr17_48604273_48604273	HOXB6
chr17	48604273	48604273	CpG Shelf	HOXB6	IntronExonBoundary	False	chr17_48604273_48604273	HOXB6
chr17	48604273	48604273	CpG Shelf	HOXB6	Promoter	False	chr17_48604273_48604273	HOXB6
chr17	48631508	48631508	CpG Shelf	HOXB7	Intron	True	chr17_48631508_48631508	HOXB7
chr17	48631508	48631508	CpG Shelf	HOXB-AS4	Intron	True	chr17_48631508_48631508	HOXB-AS4
chr17	60082670	60082670	CpG Shelf	HEATR6-DT	Intron	False	chr17_60082670_60082670	HEATR6-DT
chr17	60082670	60082670	CpG Shelf	HEATR6	Far_Promoter	False	chr17_60082670_60082670	HEATR6
chr17	73785937	73785937	OpenSea	LINC02092	Far_Promoter	False	chr17_73785937_73785937	LINC02092
chr17	73785937	73785937	OpenSea	LINC00469	Intron	False	chr17_73785937_73785937	LINC00469
chr17	73785937	73785937	OpenSea	LINC02092	Promoter	False	chr17_73785937_73785937	LINC02092
chr17	76917365	76917365	OpenSea	MGAT5B	Intron	False	chr17_76917365_76917365	MGAT5B
chr17	79152844	79152844	OpenSea	RBFOX3	Intron	False	chr17_79152844_79152844	RBFOX3
chr17	79152847	79152847	OpenSea	RBFOX3	Intron	False	chr17_79152847_79152847	RBFOX3
chr17	80751580	80751580	OpenSea	RPTOR	Intron	False	chr17_80751580_80751580	RPTOR
chr17	80751670	80751670	OpenSea	RPTOR	Intron	True	chr17_80751670_80751670	RPTOR
chr17	83065597	83065597	CpG Shore	None	Intergenic	False	chr17_83065597_83065597	None
chr18	3771110	3771110	CpG Shore	DLGAP1	Intron	False	chr18_3771110_3771110	DLGAP1
chr18	3771110	3771110	CpG Shore	ENST00000584060.1	Exon	False	chr18_3771110_3771110	ENSG00000266513
chr18	8662628	8662628	CpG Shelf	None	Intergenic	False	chr18_8662628_8662628	None
chr18	11909452	11909452	CpG Shore	MPPE1	Far_Promoter	False	chr18_11909452_11909452	MPPE1
chr18	14748472	14748472	CpG Shore	ANKRD30B	Intron	False	chr18_14748472_14748472	ANKRD30B
chr18	14748472	14748472	CpG Shore	ANKRD30B	Exon	False	chr18_14748472_14748472	ANKRD30B
chr18	31760889	31760889	OpenSea	SLC25A52	IntronExonBoundary	False	chr18_31760889_31760889	SLC25A52
chr18	31760889	31760889	OpenSea	SLC25A52	Promoter	False	chr18_31760889_31760889	SLC25A52
chr18	31760939	31760939	OpenSea	SLC25A52	IntronExonBoundary	False	chr18_31760939_31760939	SLC25A52
chr18	31760939	31760939	OpenSea	SLC25A52	Promoter	False	chr18_31760939_31760939	SLC25A52
chr18	79548433	79548433	CpG Island	None	Intergenic	False	chr18_79548433_79548433	None
chr19	345491	345491	CpG Island	MIER2	Promoter	False	chr19_345491_345491	MIER2
chr19	345491	345491	CpG Island	MIER2	Far_Promoter	False	chr19_345491_345491	MIER2
chr19	611246	611246	CpG Shore	HCN2	Intron	False	chr19_611246_611246	HCN2
chr19	1039445	1039445	CpG Shore	ABCA7	Far_Promoter	False	chr19_1039445_1039445	ABCA7
chr19	1039445	1039445	CpG Shore	ABCA7	Promoter	False	chr19_1039445_1039445	ABCA7
chr19	1039445	1039445	CpG Shore	ENST00000623459.1	Promoter	False	chr19_1039445_1039445	ENSG00000279753
chr19	1265858	1265858	CpG Island	LOC107985303	Intron	True	chr19_1265858_1265858	LOC107985303
chr19	1265858	1265858	CpG Island	CIRBP	Promoter	True	chr19_1265858_1265858	CIRBP
chr19	1265858	1265858	CpG Island	CIRBP	Far_Promoter	True	chr19_1265858_1265858	CIRBP
chr19	1265858	1265858	CpG Island	CIRBP	Intron	True	chr19_1265858_1265858	CIRBP
chr19	36053922	36053922	CpG Shore	WDR62	Promoter	False	chr19_36053922_36053922	WDR62
chr19	36053922	36053922	CpG Shore	WDR62	Far_Promoter	False	chr19_36053922_36053922	WDR62
chr19	36053922	36053922	CpG Shore	THAP8	Intron	False	chr19_36053922_36053922	THAP8
chr19	38500898	38500898	CpG Shore	RYR1	Exon	False	chr19_38500898_38500898	RYR1
chr19	38500898	38500898	CpG Shore	RYR1	IntronExonBoundary	False	chr19_38500898_38500898	RYR1
chr19	42424274	42424274	CpG Island	ENST00000593740.2	Promoter	False	chr19_42424274_42424274	LIPE-AS1-203
chr19	42424274	42424274	CpG Island	LIPE-AS1	Intron	False	chr19_42424274_42424274	LIPE-AS1
chr19	42424274	42424274	CpG Island	LIPE	IntronExonBoundary	False	chr19_42424274_42424274	LIPE
chr19	42424274	42424274	CpG Island	LIPE	Intron	False	chr19_42424274_42424274	LIPE
chr19	42424274	42424274	CpG Island	LIPE	Far_Promoter	False	chr19_42424274_42424274	LIPE
chr19	42424274	42424274	CpG Island	LIPE-AS1	Exon	False	chr19_42424274_42424274	LIPE-AS1
chr19	42424274	42424274	CpG Island	LIPE	Promoter	False	chr19_42424274_42424274	LIPE
chr19	42424292	42424292	CpG Island	ENST00000593740.2	Promoter	False	chr19_42424292_42424292	LIPE-AS1-203
chr19	42424292	42424292	CpG Island	LIPE-AS1	Intron	False	chr19_42424292_42424292	LIPE-AS1
chr19	42424292	42424292	CpG Island	LIPE	IntronExonBoundary	False	chr19_42424292_42424292	LIPE
chr19	42424292	42424292	CpG Island	LIPE	Intron	False	chr19_42424292_42424292	LIPE
chr19	42424292	42424292	CpG Island	LIPE	Far_Promoter	False	chr19_42424292_42424292	LIPE
chr19	42424292	42424292	CpG Island	LIPE-AS1	Exon	False	chr19_42424292_42424292	LIPE-AS1
chr19	42424292	42424292	CpG Island	LIPE	Promoter	False	chr19_42424292_42424292	LIPE
chr19	49684254	49684254	CpG Shelf	PRMT1	Intron	False	chr19_49684254_49684254	PRMT1
chr19	49684254	49684254	CpG Shelf	PRMT1	Promoter	False	chr19_49684254_49684254	PRMT1
chr19	49684254	49684254	CpG Shelf	PRMT1	Far_Promoter	False	chr19_49684254_49684254	PRMT1
chr19	49684254	49684254	CpG Shelf	ADM5	Far_Promoter	False	chr19_49684254_49684254	ADM5
chr19	49684276	49684276	CpG Shelf	PRMT1	Intron	False	chr19_49684276_49684276	PRMT1
chr19	49684276	49684276	CpG Shelf	PRMT1	Promoter	False	chr19_49684276_49684276	PRMT1
chr19	49684276	49684276	CpG Shelf	PRMT1	Far_Promoter	False	chr19_49684276_49684276	PRMT1
chr19	49684276	49684276	CpG Shelf	ADM5	Far_Promoter	False	chr19_49684276_49684276	ADM5
chr19	53884181	53884181	CpG Shore	PRKCG	5'UTR	False	chr19_53884181_53884181	PRKCG
chr19	53884181	53884181	CpG Shore	PRKCG	Exon	False	chr19_53884181_53884181	PRKCG
chr19	53884181	53884181	CpG Shore	PRKCG	IntronExonBoundary	False	chr19_53884181_53884181	PRKCG
chr2	3321994	3321994	OpenSea	EIPR1	Intron	False	chr2_3321994_3321994	EIPR1
chr2	3321994	3321994	OpenSea	EIPR1	Far_Promoter	False	chr2_3321994_3321994	EIPR1
chr2	46150372	46150372	OpenSea	PRKCE	Promoter	False	chr2_46150372_46150372	PRKCE
chr2	46150372	46150372	OpenSea	PRKCE	Intron	False	chr2_46150372_46150372	PRKCE
chr2	53537679	53537679	OpenSea	GPR75-ASB3	Intron	False	chr2_53537679_53537679	GPR75-ASB3
chr2	65083542	65083542	OpenSea	CEP68	Intron	False	chr2_65083542_65083542	CEP68
chr2	65083542	65083542	OpenSea	CEP68	IntronExonBoundary	False	chr2_65083542_65083542	CEP68
chr2	65083542	65083542	OpenSea	RAB1A	Intron	False	chr2_65083542_65083542	RAB1A
chr2	66495370	66495370	OpenSea	MEIS1	Intron	False	chr2_66495370_66495370	MEIS1
chr2	66495370	66495370	OpenSea	MEIS1	Promoter	False	chr2_66495370_66495370	MEIS1
chr2	102177821	102177821	OpenSea	IL1R1	3'UTR	False	chr2_102177821_102177821	IL1R1
chr2	102177821	102177821	OpenSea	IL1R1	Exon	False	chr2_102177821_102177821	IL1R1
chr2	102177821	102177821	OpenSea	ENST00000428188.1	Intron	False	chr2_102177821_102177821	IL1R1-AS1-201
chr2	106073174	106073174	OpenSea	ECRG4	Promoter	False	chr2_106073174_106073174	ECRG4
chr2	106073174	106073174	OpenSea	ECRG4	Intron	False	chr2_106073174_106073174	ECRG4
chr2	106853261	106853261	OpenSea	ST6GAL2	Intron	False	chr2_106853261_106853261	ST6GAL2
chr2	112646867	112646867	CpG Shore	SLC20A1	Promoter	False	chr2_112646867_112646867	SLC20A1
chr2	112646867	112646867	CpG Shore	SLC20A1	Exon	False	chr2_112646867_112646867	SLC20A1
chr2	112646867	112646867	CpG Shore	SLC20A1-DT	Far_Promoter	False	chr2_112646867_112646867	SLC20A1-DT
chr2	123061689	123061689	OpenSea	ENST00000435441.1	Far_Promoter	False	chr2_123061689_123061689	ENSG00000237856
chr2	156327978	156327978	CpG Island	NR4A2	Exon	False	chr2_156327978_156327978	NR4A2
chr2	156327978	156327978	CpG Island	NR4A2	IntronExonBoundary	False	chr2_156327978_156327978	NR4A2
chr2	158487179	158487179	OpenSea	PKP4	Intron	False	chr2_158487179_158487179	PKP4
chr2	168455397	168455397	CpG Shore	CERS6	Promoter	False	chr2_168455397_168455397	CERS6
chr2	188293164	188293164	CpG Shore	LINC01090	Intron	False	chr2_188293164_188293164	LINC01090
chr2	188293164	188293164	CpG Shore	GULP1	Exon	False	chr2_188293164_188293164	GULP1
chr2	188293164	188293164	CpG Shore	GULP1	Promoter	False	chr2_188293164_188293164	GULP1
chr2	188293164	188293164	CpG Shore	GULP1	5'UTR	False	chr2_188293164_188293164	GULP1
chr2	188293164	188293164	CpG Shore	GULP1	Intron	False	chr2_188293164_188293164	GULP1
chr2	188293164	188293164	CpG Shore	MIR561	Far_Promoter	False	chr2_188293164_188293164	MIR561
chr2	190994263	190994263	OpenSea	STAT1	Intron	False	chr2_190994263_190994263	STAT1
chr2	190994263	190994263	OpenSea	ENST00000342609.6	Promoter	False	chr2_190994263_190994263	RAB1AP1-201
chr2	229271695	229271695	CpG Shore	PID1	Promoter	False	chr2_229271695_229271695	PID1
chr2	231661980	231661980	CpG Island	None	Intergenic	False	chr2_231661980_231661980	None
chr2	234994507	234994507	OpenSea	SH3BP4	Promoter	False	chr2_234994507_234994507	SH3BP4
chr2	234994507	234994507	OpenSea	SH3BP4	Intron	False	chr2_234994507_234994507	SH3BP4
chr2	235263697	235263697	OpenSea	None	Intergenic	False	chr2_235263697_235263697	None
chr2	236570021	236570021	CpG Shore	ACKR3	Intron	False	chr2_236570021_236570021	ACKR3
chr2	237265009	237265009	OpenSea	None	Intergenic	False	chr2_237265009_237265009	None
chr2	239160696	239160696	OpenSea	HDAC4	Intron	False	chr2_239160696_239160696	HDAC4
chr2	239162696	239162696	OpenSea	HDAC4	Intron	False	chr2_239162696_239162696	HDAC4
chr2	239283712	239283712	OpenSea	HDAC4	Intron	False	chr2_239283712_239283712	HDAC4
chr2	240886522	240886522	CpG Shore	MAB21L4	3'UTR	False	chr2_240886522_240886522	MAB21L4
chr2	240886522	240886522	CpG Shore	MAB21L4	Exon	False	chr2_240886522_240886522	MAB21L4
chr20	17698755	17698755	OpenSea	BANF2	Intron	False	chr20_17698755_17698755	BANF2
chr20	17698755	17698755	OpenSea	BANF2	Far_Promoter	False	chr20_17698755_17698755	BANF2
chr20	19211657	19211657	CpG Shore	SLC24A3	Promoter	False	chr20_19211657_19211657	SLC24A3
chr20	19211657	19211657	CpG Shore	LOC101929547	Exon	False	chr20_19211657_19211657	LOC101929547
chr20	24144510	24144510	OpenSea	ENST00000457224.1	IntronExonBoundary	False	chr20_24144510_24144510	ENSG00000236151
chr20	24144510	24144510	OpenSea	ENST00000457224.1	Promoter	False	chr20_24144510_24144510	ENSG00000236151
chr20	24144510	24144510	OpenSea	LINC01721	Intron	False	chr20_24144510_24144510	LINC01721
chr20	46009908	46009908	CpG Shore	MMP9	Exon	False	chr20_46009908_46009908	MMP9
chr20	46009908	46009908	CpG Shore	MMP9	IntronExonBoundary	False	chr20_46009908_46009908	MMP9
chr20	52975194	52975194	CpG Shore	TSHZ2	Intron	False	chr20_52975194_52975194	TSHZ2
chr20	61934984	61934984	CpG Shore	CDH4	Intron	False	chr20_61934984_61934984	CDH4
chr20	61936757	61936757	CpG Island	CDH4	Exon	False	chr20_61936757_61936757	CDH4
chr20	61936757	61936757	CpG Island	CDH4	IntronExonBoundary	False	chr20_61936757_61936757	CDH4
chr21	41679161	41679161	OpenSea	LINC00111	Promoter	False	chr21_41679161_41679161	LINC00111
chr21	42070144	42070144	OpenSea	UMODL1	Far_Promoter	False	chr21_42070144_42070144	UMODL1
chr21	42070144	42070144	OpenSea	UMODL1	Intron	False	chr21_42070144_42070144	UMODL1
chr21	44866016	44866016	OpenSea	PTTG1IP	IntronExonBoundary	False	chr21_44866016_44866016	PTTG1IP
chr21	44866016	44866016	OpenSea	PTTG1IP	Promoter	False	chr21_44866016_44866016	PTTG1IP
chr21	44866016	44866016	OpenSea	PTTG1IP	Far_Promoter	False	chr21_44866016_44866016	PTTG1IP
chr21	44866016	44866016	OpenSea	PTTG1IP	Intron	False	chr21_44866016_44866016	PTTG1IP
chr21	45072416	45072416	CpG Shore	LOC105372836	Intron	False	chr21_45072416_45072416	LOC105372836
chr21	45072416	45072416	CpG Shore	LOC105372836	IntronExonBoundary	False	chr21_45072416_45072416	LOC105372836
chr21	45072416	45072416	CpG Shore	SSR4P1	Promoter	False	chr21_45072416_45072416	SSR4P1
chr21	45072416	45072416	CpG Shore	ADARB1	Far_Promoter	False	chr21_45072416_45072416	ADARB1
chr21	45072416	45072416	CpG Shore	SSR4P1	IntronExonBoundary	False	chr21_45072416_45072416	SSR4P1
chr21	45072416	45072416	CpG Shore	SSR4P1	Exon	False	chr21_45072416_45072416	SSR4P1
chr21	45285705	45285705	CpG Shore	POFUT2	Exon	False	chr21_45285705_45285705	POFUT2
chr21	45285705	45285705	CpG Shore	LINC00205	Far_Promoter	False	chr21_45285705_45285705	LINC00205
chr21	45285705	45285705	CpG Shore	POFUT2	Promoter	False	chr21_45285705_45285705	POFUT2
chr21	45285705	45285705	CpG Shore	POFUT2	IntronExonBoundary	False	chr21_45285705_45285705	POFUT2
chr21	45285705	45285705	CpG Shore	POFUT2	Far_Promoter	False	chr21_45285705_45285705	POFUT2
chr21	45976859	45976859	CpG Shelf	COL6A1	Far_Promoter	False	chr21_45976859_45976859	COL6A1
chr22	19292478	19292478	CpG Shore	LOC105372859	Intron	True	chr22_19292478_19292478	LOC105372859
chr22	19292478	19292478	CpG Shore	CLTCL1	Promoter	True	chr22_19292478_19292478	CLTCL1
chr22	19292514	19292514	CpG Shore	LOC105372859	Intron	True	chr22_19292514_19292514	LOC105372859
chr22	19292514	19292514	CpG Shore	CLTCL1	Promoter	True	chr22_19292514_19292514	CLTCL1
chr22	20395755	20395755	CpG Shore	ZNF74	Intron	False	chr22_20395755_20395755	ZNF74
chr22	20395755	20395755	CpG Shore	ZNF74	Far_Promoter	False	chr22_20395755_20395755	ZNF74
chr22	22773693	22773693	OpenSea	ENST00000415642.1	Promoter	False	chr22_22773693_22773693	ENSG00000231392
chr22	37127111	37127111	OpenSea	IL2RB	3'UTR	False	chr22_37127111_37127111	IL2RB
chr22	37127111	37127111	OpenSea	IL2RB	Exon	False	chr22_37127111_37127111	IL2RB
chr22	38444360	38444360	OpenSea	KCNJ4	Intron	False	chr22_38444360_38444360	KCNJ4
chr22	50577502	50577502	CpG Shore	CPT1B	Far_Promoter	False	chr22_50577502_50577502	CPT1B
chr22	50577502	50577502	CpG Shore	CPT1B	Promoter	False	chr22_50577502_50577502	CPT1B
chr22	50577502	50577502	CpG Shore	CPT1B	IntronExonBoundary	False	chr22_50577502_50577502	CPT1B
chr22	50577502	50577502	CpG Shore	CHKB-CPT1B	IntronExonBoundary	False	chr22_50577502_50577502	CHKB-CPT1B
chr22	50577502	50577502	CpG Shore	CPT1B	Intron	False	chr22_50577502_50577502	CPT1B
chr22	50577502	50577502	CpG Shore	CHKB-CPT1B	Intron	False	chr22_50577502_50577502	CHKB-CPT1B
chr3	11245392	11245392	OpenSea	HRH1	Intron	False	chr3_11245392_11245392	HRH1
chr3	15269506	15269506	OpenSea	SH3BP5	Intron	False	chr3_15269506_15269506	SH3BP5
chr3	15269514	15269514	OpenSea	SH3BP5	Intron	False	chr3_15269514_15269514	SH3BP5
chr3	19934145	19934145	OpenSea	EFHB	5'UTR	False	chr3_19934145_19934145	EFHB
chr3	19934145	19934145	OpenSea	EFHB	Exon	False	chr3_19934145_19934145	EFHB
chr3	19934145	19934145	OpenSea	EFHB	Intron	False	chr3_19934145_19934145	EFHB
chr3	19934145	19934145	OpenSea	EFHB	IntronExonBoundary	False	chr3_19934145_19934145	EFHB
chr3	19934145	19934145	OpenSea	EFHB	Promoter	False	chr3_19934145_19934145	EFHB
chr3	19934246	19934246	OpenSea	EFHB	Intron	False	chr3_19934246_19934246	EFHB
chr3	19934246	19934246	OpenSea	EFHB	Promoter	False	chr3_19934246_19934246	EFHB
chr3	19934246	19934246	OpenSea	EFHB	IntronExonBoundary	False	chr3_19934246_19934246	EFHB
chr3	42224142	42224142	OpenSea	TRAK1	Exon	False	chr3_42224142_42224142	TRAK1
chr3	42224142	42224142	OpenSea	TRAK1	3'UTR	False	chr3_42224142_42224142	TRAK1
chr3	52773754	52773754	CpG Shelf	ITIH1	Far_Promoter	False	chr3_52773754_52773754	ITIH1
chr3	52773754	52773754	CpG Shelf	NEK4	Far_Promoter	False	chr3_52773754_52773754	NEK4
chr3	141124789	141124789	OpenSea	SPSB4	Intron	False	chr3_141124789_141124789	SPSB4
chr3	141124789	141124789	OpenSea	ENST00000512277.1	Promoter	False	chr3_141124789_141124789	ENSG00000251270
chr3	151461144	151461144	OpenSea	IGSF10	IntronExonBoundary	False	chr3_151461144_151461144	IGSF10
chr3	151461144	151461144	OpenSea	IGSF10	Promoter	False	chr3_151461144_151461144	IGSF10
chr3	151461171	151461171	OpenSea	IGSF10	IntronExonBoundary	False	chr3_151461171_151461171	IGSF10
chr3	151461171	151461171	OpenSea	IGSF10	Promoter	False	chr3_151461171_151461171	IGSF10
chr3	151461195	151461195	OpenSea	IGSF10	IntronExonBoundary	False	chr3_151461195_151461195	IGSF10
chr3	151461195	151461195	OpenSea	IGSF10	Promoter	False	chr3_151461195_151461195	IGSF10
chr3	158570891	158570891	CpG Shore	ENST00000658486.1	IntronExonBoundary	False	chr3_158570891_158570891	MLF1-DT-203
chr3	158570891	158570891	CpG Shore	ENST00000658486.1	Exon	False	chr3_158570891_158570891	MLF1-DT-203
chr3	158570891	158570891	CpG Shore	MLF1	Promoter	False	chr3_158570891_158570891	MLF1
chr3	158570891	158570891	CpG Shore	MLF1-DT	IntronExonBoundary	False	chr3_158570891_158570891	MLF1-DT
chr3	158570891	158570891	CpG Shore	MLF1-DT	Exon	False	chr3_158570891_158570891	MLF1-DT
chr3	173914761	173914761	OpenSea	NLGN1	Intron	False	chr3_173914761_173914761	NLGN1
chr3	173914761	173914761	OpenSea	NLGN1-AS1	Intron	False	chr3_173914761_173914761	NLGN1-AS1
chr3	179842351	179842351	OpenSea	PEX5L	Intron	False	chr3_179842351_179842351	PEX5L
chr3	184100065	184100065	OpenSea	HTR3E-AS1	Intron	False	chr3_184100065_184100065	HTR3E-AS1
chr3	184100065	184100065	OpenSea	HTR3E	Intron	False	chr3_184100065_184100065	HTR3E
chr3	184100065	184100065	OpenSea	HTR3E	Promoter	False	chr3_184100065_184100065	HTR3E
chr3	197495382	197495382	CpG Shelf	None	Intergenic	False	chr3_197495382_197495382	None
chr3	197505672	197505672	OpenSea	LINC02012	Exon	False	chr3_197505672_197505672	LINC02012
chr4	1053204	1053204	CpG Shelf	None	Intergenic	False	chr4_1053204_1053204	None
chr4	6342640	6342640	OpenSea	PPP2R2C	Intron	False	chr4_6342640_6342640	PPP2R2C
chr4	6342654	6342654	OpenSea	PPP2R2C	Intron	False	chr4_6342654_6342654	PPP2R2C
chr4	7664217	7664217	CpG Shore	SORCS2	Intron	False	chr4_7664217_7664217	SORCS2
chr4	7664217	7664217	CpG Shore	SORCS2	IntronExonBoundary	False	chr4_7664217_7664217	SORCS2
chr4	8582744	8582744	CpG Shore	GPR78	Intron	False	chr4_8582744_8582744	GPR78
chr4	8582744	8582744	CpG Shore	CPZ	Intron	False	chr4_8582744_8582744	CPZ
chr4	8582744	8582744	CpG Shore	GPR78	Promoter	False	chr4_8582744_8582744	GPR78
chr4	13891923	13891923	OpenSea	LOC107986182	Intron	False	chr4_13891923_13891923	LOC107986182
chr4	13891923	13891923	OpenSea	LINC01182	Intron	False	chr4_13891923_13891923	LINC01182
chr4	39228150	39228150	OpenSea	WDR19	Promoter	False	chr4_39228150_39228150	WDR19
chr4	39228150	39228150	OpenSea	WDR19	Intron	False	chr4_39228150_39228150	WDR19
chr4	39228150	39228150	OpenSea	WDR19	IntronExonBoundary	False	chr4_39228150_39228150	WDR19
chr4	55510177	55510177	OpenSea	CLOCK	Intron	False	chr4_55510177_55510177	CLOCK
chr4	55510177	55510177	OpenSea	CLOCK	IntronExonBoundary	False	chr4_55510177_55510177	CLOCK
chr4	55510177	55510177	OpenSea	CLOCK	Promoter	False	chr4_55510177_55510177	CLOCK
chr4	56544954	56544954	CpG Island	THEGL	Intron	False	chr4_56544954_56544954	THEGL
chr4	127624311	127624311	CpG Shore	LOC105377412	Promoter	False	chr4_127624311_127624311	LOC105377412
chr4	127624311	127624311	CpG Shore	INTU	Intron	False	chr4_127624311_127624311	INTU
chr4	140645543	140645543	OpenSea	TNRC18P1	IntronExonBoundary	False	chr4_140645543_140645543	TNRC18P1
chr4	140645543	140645543	OpenSea	TNRC18P1	Promoter	False	chr4_140645543_140645543	TNRC18P1
chr4	140645543	140645543	OpenSea	TBC1D9	Intron	False	chr4_140645543_140645543	TBC1D9
chr4	151692328	151692328	OpenSea	GATB	Intron	False	chr4_151692328_151692328	GATB
chr4	151692328	151692328	OpenSea	GATB	Promoter	False	chr4_151692328_151692328	GATB
chr4	162521453	162521453	OpenSea	ENST00000511318.1	Promoter	False	chr4_162521453_162521453	TOMM22P4-201
chr4	184756500	184756500	OpenSea	ACSL1	Exon	False	chr4_184756500_184756500	ACSL1
chr4	184756500	184756500	OpenSea	ACSL1	3'UTR	False	chr4_184756500_184756500	ACSL1
chr4	185470524	185470524	CpG Shore	LOC105377590	Promoter	False	chr4_185470524_185470524	LOC105377590
chr4	185470524	185470524	CpG Shore	CCDC110	IntronExonBoundary	False	chr4_185470524_185470524	CCDC110
chr4	185470524	185470524	CpG Shore	CCDC110	Intron	False	chr4_185470524_185470524	CCDC110
chr5	1075618	1075618	CpG Shore	SLC12A7	Promoter	False	chr5_1075618_1075618	SLC12A7
chr5	1075618	1075618	CpG Shore	SLC12A7	Intron	False	chr5_1075618_1075618	SLC12A7
chr5	1075618	1075618	CpG Shore	SLC12A7	IntronExonBoundary	False	chr5_1075618_1075618	SLC12A7
chr5	1891060	1891060	CpG Shelf	CTD-2194D22.4	Intron	False	chr5_1891060_1891060	CTD-2194D22.4
chr5	1891060	1891060	CpG Shelf	IRX4	Far_Promoter	False	chr5_1891060_1891060	IRX4
chr5	2008074	2008074	CpG Island	LOC105374618	Intron	False	chr5_2008074_2008074	LOC105374618
chr5	5492364	5492364	CpG Shelf	None	Intergenic	False	chr5_5492364_5492364	None
chr5	43588186	43588186	OpenSea	ENST00000508874.1	IntronExonBoundary	False	chr5_43588186_43588186	AMD1P3-201
chr5	43588186	43588186	OpenSea	ENST00000508874.1	Exon	False	chr5_43588186_43588186	AMD1P3-201
chr5	43588186	43588186	OpenSea	NNT-AS1	Intron	False	chr5_43588186_43588186	NNT-AS1
chr5	43588186	43588186	OpenSea	ENST00000623353.1	Promoter	False	chr5_43588186_43588186	ENSG00000279557
chr5	68962960	68962960	OpenSea	LOC105379014	Intron	False	chr5_68962960_68962960	LOC105379014
chr5	68962960	68962960	OpenSea	ENST00000513197.1	Promoter	False	chr5_68962960_68962960	ENSG00000250066
chr5	68962960	68962960	OpenSea	LOC107984116	Intron	False	chr5_68962960_68962960	LOC107984116
chr5	124744389	124744389	OpenSea	ZNF608	IntronExonBoundary	False	chr5_124744389_124744389	ZNF608
chr5	124744389	124744389	OpenSea	ZNF608	Promoter	False	chr5_124744389_124744389	ZNF608
chr5	124744389	124744389	OpenSea	ZNF608	Exon	False	chr5_124744389_124744389	ZNF608
chr5	124744389	124744389	OpenSea	ZNF608	Intron	False	chr5_124744389_124744389	ZNF608
chr5	124744509	124744509	OpenSea	ZNF608	Promoter	False	chr5_124744509_124744509	ZNF608
chr5	124744509	124744509	OpenSea	ZNF608	Exon	False	chr5_124744509_124744509	ZNF608
chr5	124744509	124744509	OpenSea	ZNF608	IntronExonBoundary	False	chr5_124744509_124744509	ZNF608
chr5	124744509	124744509	OpenSea	ZNF608	5'UTR	False	chr5_124744509_124744509	ZNF608
chr5	124744512	124744512	OpenSea	ZNF608	Promoter	False	chr5_124744512_124744512	ZNF608
chr5	124744512	124744512	OpenSea	ZNF608	Exon	False	chr5_124744512_124744512	ZNF608
chr5	124744512	124744512	OpenSea	ZNF608	IntronExonBoundary	False	chr5_124744512_124744512	ZNF608
chr5	124744512	124744512	OpenSea	ZNF608	5'UTR	False	chr5_124744512_124744512	ZNF608
chr5	132272034	132272034	CpG Island	ENST00000471826.1	Intron	False	chr5_132272034_132272034	P4HA2-217
chr5	132272034	132272034	CpG Island	P4HA2	Intron	False	chr5_132272034_132272034	P4HA2
chr5	132272034	132272034	CpG Island	PDLIM4	Exon	False	chr5_132272034_132272034	PDLIM4
chr5	132272034	132272034	CpG Island	PDLIM4	IntronExonBoundary	False	chr5_132272034_132272034	PDLIM4
chr5	132277599	132277599	OpenSea	ENST00000471826.1	Intron	False	chr5_132277599_132277599	P4HA2-217
chr5	132277599	132277599	OpenSea	P4HA2	Exon	False	chr5_132277599_132277599	P4HA2
chr5	132277599	132277599	OpenSea	ENST00000471826.1	IntronExonBoundary	False	chr5_132277599_132277599	P4HA2-217
chr5	132277599	132277599	OpenSea	P4HA2	IntronExonBoundary	False	chr5_132277599_132277599	P4HA2
chr5	132277599	132277599	OpenSea	P4HA2	Intron	False	chr5_132277599_132277599	P4HA2
chr5	132277599	132277599	OpenSea	ENST00000481636.1	IntronExonBoundary	False	chr5_132277599_132277599	P4HA2-220
chr5	132277599	132277599	OpenSea	P4HA2	5'UTR	False	chr5_132277599_132277599	P4HA2
chr5	132277599	132277599	OpenSea	ENST00000481636.1	Intron	False	chr5_132277599_132277599	P4HA2-220
chr5	135400311	135400311	CpG Shore	ENST00000602502.1	Exon	False	chr5_135400311_135400311	ENSG00000270021
chr5	135400311	135400311	CpG Shore	MACROH2A1	Far_Promoter	False	chr5_135400311_135400311	MACROH2A1
chr5	135400311	135400311	CpG Shore	MACROH2A1	Promoter	False	chr5_135400311_135400311	MACROH2A1
chr5	138372745	138372745	OpenSea	KDM3B	Promoter	False	chr5_138372745_138372745	KDM3B
chr5	138372745	138372745	OpenSea	KDM3B	Exon	False	chr5_138372745_138372745	KDM3B
chr5	141419364	141419364	CpG Island	PCDHGA9	Intron	False	chr5_141419364_141419364	PCDHGA9
chr5	141419364	141419364	CpG Island	PCDHGB1	Intron	False	chr5_141419364_141419364	PCDHGB1
chr5	141419364	141419364	CpG Island	PCDHGA1	Intron	False	chr5_141419364_141419364	PCDHGA1
chr5	141419364	141419364	CpG Island	PCDHGA11	Far_Promoter	False	chr5_141419364_141419364	PCDHGA11
chr5	141419364	141419364	CpG Island	PCDHGA4	Intron	False	chr5_141419364_141419364	PCDHGA4
chr5	141419364	141419364	CpG Island	PCDHGB3	Intron	False	chr5_141419364_141419364	PCDHGB3
chr5	141419364	141419364	CpG Island	PCDHGA7	Intron	False	chr5_141419364_141419364	PCDHGA7
chr5	141419364	141419364	CpG Island	PCDHGA10	Intron	False	chr5_141419364_141419364	PCDHGA10
chr5	141419364	141419364	CpG Island	PCDHGA3	Intron	False	chr5_141419364_141419364	PCDHGA3
chr5	141419364	141419364	CpG Island	PCDHGA6	Intron	False	chr5_141419364_141419364	PCDHGA6
chr5	141419364	141419364	CpG Island	PCDHGA8	Intron	False	chr5_141419364_141419364	PCDHGA8
chr5	141419364	141419364	CpG Island	PCDHGB7	Exon	False	chr5_141419364_141419364	PCDHGB7
chr5	141419364	141419364	CpG Island	PCDHGB6	Intron	False	chr5_141419364_141419364	PCDHGB6
chr5	141419364	141419364	CpG Island	PCDHGB5	Intron	False	chr5_141419364_141419364	PCDHGB5
chr5	141419364	141419364	CpG Island	PCDHGB2	Intron	False	chr5_141419364_141419364	PCDHGB2
chr5	141419364	141419364	CpG Island	PCDHGA2	Intron	False	chr5_141419364_141419364	PCDHGA2
chr5	141419364	141419364	CpG Island	PCDHGB4	Intron	False	chr5_141419364_141419364	PCDHGB4
chr5	141419364	141419364	CpG Island	PCDHGA5	Intron	False	chr5_141419364_141419364	PCDHGA5
chr5	148393601	148393601	OpenSea	FBXO38	Intron	False	chr5_148393601_148393601	FBXO38
chr5	148393601	148393601	OpenSea	FBXO38	Far_Promoter	False	chr5_148393601_148393601	FBXO38
chr5	153492118	153492118	OpenSea	GRIA1	Promoter	False	chr5_153492118_153492118	GRIA1
chr5	153492118	153492118	OpenSea	GRIA1	Far_Promoter	False	chr5_153492118_153492118	GRIA1
chr5	153492118	153492118	OpenSea	GRIA1	Intron	False	chr5_153492118_153492118	GRIA1
chr5	159106100	159106100	CpG Shore	LOC107986467	Intron	False	chr5_159106100_159106100	LOC107986467
chr5	159106100	159106100	CpG Shore	LINC02202	Intron	False	chr5_159106100_159106100	LINC02202
chr5	159106100	159106100	CpG Shore	ENST00000624206.1	Promoter	False	chr5_159106100_159106100	ENSG00000279204
chr5	180806833	180806833	CpG Shelf	ENST00000624602.1	Far_Promoter	False	chr5_180806833_180806833	ENSG00000280161
chr5	180806833	180806833	CpG Shelf	MGAT1	Far_Promoter	False	chr5_180806833_180806833	MGAT1
chr5	180806833	180806833	CpG Shelf	MGAT1	Intron	False	chr5_180806833_180806833	MGAT1
chr6	572714	572714	OpenSea	EXOC2	IntronExonBoundary	False	chr6_572714_572714	EXOC2
chr6	572714	572714	OpenSea	EXOC2	Intron	False	chr6_572714_572714	EXOC2
chr6	25167001	25167001	OpenSea	LOC101928663	Intron	False	chr6_25167001_25167001	LOC101928663
chr6	25167001	25167001	OpenSea	CMAHP	Promoter	False	chr6_25167001_25167001	CMAHP
chr6	25167001	25167001	OpenSea	CMAHP	Intron	False	chr6_25167001_25167001	CMAHP
chr6	29374853	29374853	OpenSea	OR5V1	Intron	False	chr6_29374853_29374853	OR5V1
chr6	29374853	29374853	OpenSea	OR12D3	Exon	False	chr6_29374853_29374853	OR12D3
chr6	32221218	32221218	OpenSea	NOTCH4	IntronExonBoundary	False	chr6_32221218_32221218	NOTCH4
chr6	32221218	32221218	OpenSea	NOTCH4	Exon	False	chr6_32221218_32221218	NOTCH4
chr6	32395435	32395435	OpenSea	TSBP1-AS1	Intron	False	chr6_32395435_32395435	TSBP1-AS1
chr6	32395435	32395435	OpenSea	BTNL2	Intron	False	chr6_32395435_32395435	BTNL2
chr6	32406407	32406407	OpenSea	BTNL2	Intron	False	chr6_32406407_32406407	BTNL2
chr6	32406407	32406407	OpenSea	TSBP1-AS1	Exon	False	chr6_32406407_32406407	TSBP1-AS1
chr6	33107666	33107666	OpenSea	HLA-DPB2	Far_Promoter	False	chr6_33107666_33107666	HLA-DPB2
chr6	33107666	33107666	OpenSea	ENST00000441798.1	Promoter	False	chr6_33107666_33107666	COL11A2P1-205
chr6	82365394	82365394	CpG Island	LOC105377875	Far_Promoter	False	chr6_82365394_82365394	LOC105377875
chr6	82365394	82365394	CpG Island	TPBG	Exon	False	chr6_82365394_82365394	TPBG
chr6	117264005	117264005	CpG Shore	LOC105377964	Intron	False	chr6_117264005_117264005	LOC105377964
chr6	117264005	117264005	CpG Shore	VGLL2	Far_Promoter	False	chr6_117264005_117264005	VGLL2
chr6	126527302	126527302	OpenSea	LOC112267972	Intron	False	chr6_126527302_126527302	LOC112267972
chr6	126527302	126527302	OpenSea	ENST00000651326.1	Intron	False	chr6_126527302_126527302	ENSG00000293110
chr6	126527302	126527302	OpenSea	ENST00000652383.1	Intron	False	chr6_126527302_126527302	ENSG00000293110
chr6	163750653	163750653	OpenSea	LOC107986666	Intron	False	chr6_163750653_163750653	LOC107986666
chr6	168067056	168067056	OpenSea	FRMD1	3'UTR	False	chr6_168067056_168067056	FRMD1
chr6	168067056	168067056	OpenSea	FRMD1	Exon	False	chr6_168067056_168067056	FRMD1
chr6	168067056	168067056	OpenSea	FRMD1	IntronExonBoundary	False	chr6_168067056_168067056	FRMD1
chr6	168067056	168067056	OpenSea	FRMD1	Intron	False	chr6_168067056_168067056	FRMD1
chr6	168067056	168067056	OpenSea	FRMD1	Far_Promoter	False	chr6_168067056_168067056	FRMD1
chr6	168081191	168081191	CpG Shelf	FRMD1	Far_Promoter	False	chr6_168081191_168081191	FRMD1
chr6	168081191	168081191	CpG Shelf	FRMD1	Intron	False	chr6_168081191_168081191	FRMD1
chr6	170163210	170163210	CpG Shelf	LOC105378153	Far_Promoter	False	chr6_170163210_170163210	LOC105378153
chr6	170244354	170244354	OpenSea	None	Intergenic	False	chr6_170244354_170244354	None
chr7	768667	768667	CpG Shore	DNAAF5	Exon	False	chr7_768667_768667	DNAAF5
chr7	768667	768667	CpG Shore	DNAAF5	Intron	False	chr7_768667_768667	DNAAF5
chr7	768667	768667	CpG Shore	DNAAF5	5'UTR	False	chr7_768667_768667	DNAAF5
chr7	1297741	1297741	CpG Island	None	Intergenic	False	chr7_1297741_1297741	None
chr7	2380655	2380655	CpG Island	ENST00000636359.1	Far_Promoter	False	chr7_2380655_2380655	KIF19BP-201
chr7	2380655	2380655	CpG Island	ENST00000443103.1	Far_Promoter	False	chr7_2380655_2380655	ENSG00000293436
chr7	2380655	2380655	CpG Island	EIF3B	3'UTR	False	chr7_2380655_2380655	EIF3B
chr7	2380655	2380655	CpG Island	EIF3B	Exon	False	chr7_2380655_2380655	EIF3B
chr7	4203314	4203314	OpenSea	SDK1	Intron	False	chr7_4203314_4203314	SDK1
chr7	4203330	4203330	OpenSea	SDK1	Intron	False	chr7_4203330_4203330	SDK1
chr7	4204053	4204053	OpenSea	SDK1	Intron	False	chr7_4204053_4204053	SDK1
chr7	4227319	4227319	OpenSea	SDK1	Exon	False	chr7_4227319_4227319	SDK1
chr7	4227319	4227319	OpenSea	SDK1	Intron	False	chr7_4227319_4227319	SDK1
chr7	25860504	25860504	CpG Shore	None	Intergenic	True	chr7_25860504_25860504	None
chr7	50566076	50566076	OpenSea	DDC	Promoter	False	chr7_50566076_50566076	DDC
chr7	50566076	50566076	OpenSea	DDC	Far_Promoter	False	chr7_50566076_50566076	DDC
chr7	56074654	56074654	OpenSea	SUMF2	Exon	False	chr7_56074654_56074654	SUMF2
chr7	56074654	56074654	OpenSea	SUMF2	Far_Promoter	False	chr7_56074654_56074654	SUMF2
chr7	56074654	56074654	OpenSea	SUMF2	IntronExonBoundary	False	chr7_56074654_56074654	SUMF2
chr7	56074654	56074654	OpenSea	SUMF2	Intron	False	chr7_56074654_56074654	SUMF2
chr7	56074654	56074654	OpenSea	SUMF2	3'UTR	False	chr7_56074654_56074654	SUMF2
chr7	80125235	80125235	OpenSea	GNAI1	Intron	False	chr7_80125235_80125235	GNAI1
chr7	100706924	100706924	CpG Shore	POP7	Exon	False	chr7_100706924_100706924	POP7
chr7	100706924	100706924	CpG Shore	POP7	IntronExonBoundary	False	chr7_100706924_100706924	POP7
chr7	102199400	102199400	CpG Shelf	CUX1	Intron	False	chr7_102199400_102199400	CUX1
chr7	128829705	128829705	CpG Shore	FLNC	Promoter	False	chr7_128829705_128829705	FLNC
chr7	129765841	129765841	CpG Shelf	LOC105375501	Intron	False	chr7_129765841_129765841	LOC105375501
chr7	136426839	136426839	OpenSea	LOC105375523	Promoter	False	chr7_136426839_136426839	LOC105375523
chr7	136426839	136426839	OpenSea	LOC105375523	Intron	False	chr7_136426839_136426839	LOC105375523
chr7	137845971	137845971	CpG Shore	DGKI	Intron	False	chr7_137845971_137845971	DGKI
chr7	142721475	142721475	OpenSea	ENST00000473644.1	Promoter	False	chr7_142721475_142721475	PGBD4P1-201
chr7	142721508	142721508	OpenSea	ENST00000473644.1	Promoter	False	chr7_142721508_142721508	PGBD4P1-201
chr7	149621796	149621796	CpG Shelf	ZNF767P	Intron	False	chr7_149621796_149621796	ZNF767P
chr7	149621796	149621796	CpG Shelf	ZNF767P	Promoter	False	chr7_149621796_149621796	ZNF767P
chr7	149621832	149621832	CpG Shelf	ZNF767P	Intron	False	chr7_149621832_149621832	ZNF767P
chr7	149621832	149621832	CpG Shelf	ZNF767P	Promoter	False	chr7_149621832_149621832	ZNF767P
chr7	149621881	149621881	CpG Shelf	ZNF767P	Intron	True	chr7_149621881_149621881	ZNF767P
chr7	149621881	149621881	CpG Shelf	ZNF767P	Promoter	True	chr7_149621881_149621881	ZNF767P
chr7	149621922	149621922	CpG Shelf	ZNF767P	Intron	True	chr7_149621922_149621922	ZNF767P
chr7	149621922	149621922	CpG Shelf	ZNF767P	Promoter	True	chr7_149621922_149621922	ZNF767P
chr7	149621946	149621946	CpG Shelf	ZNF767P	Intron	True	chr7_149621946_149621946	ZNF767P
chr7	149621946	149621946	CpG Shelf	ZNF767P	Promoter	True	chr7_149621946_149621946	ZNF767P
chr7	149862376	149862376	CpG Shore	ENST00000608963.1	IntronExonBoundary	False	chr7_149862376_149862376	ENSG00000273419
chr7	149862376	149862376	CpG Shore	ENST00000608963.1	Exon	False	chr7_149862376_149862376	ENSG00000273419
chr7	149862376	149862376	CpG Shore	ZNF862	Exon	False	chr7_149862376_149862376	ZNF862
chr7	154255160	154255160	OpenSea	DPP6	Intron	False	chr7_154255160_154255160	DPP6
chr7	155000336	155000336	CpG Shore	PAXIP1	Exon	False	chr7_155000336_155000336	PAXIP1
chr7	155000336	155000336	CpG Shore	PAXIP1-DT	Far_Promoter	False	chr7_155000336_155000336	PAXIP1-DT
chr7	155000336	155000336	CpG Shore	PAXIP1	Intron	False	chr7_155000336_155000336	PAXIP1
chr7	156365107	156365107	OpenSea	None	Intergenic	False	chr7_156365107_156365107	None
chr7	156365158	156365158	OpenSea	None	Intergenic	False	chr7_156365158_156365158	None
chr7	157664966	157664966	CpG Shore	PTPRN2	Intron	False	chr7_157664966_157664966	PTPRN2
chr8	1894563	1894563	OpenSea	ARHGEF10	Exon	False	chr8_1894563_1894563	ARHGEF10
chr8	1894563	1894563	OpenSea	ARHGEF10	IntronExonBoundary	False	chr8_1894563_1894563	ARHGEF10
chr8	1894563	1894563	OpenSea	ARHGEF10	3'UTR	False	chr8_1894563_1894563	ARHGEF10
chr8	1900575	1900575	OpenSea	ARHGEF10	Far_Promoter	False	chr8_1900575_1900575	ARHGEF10
chr8	1900575	1900575	OpenSea	ARHGEF10	Intron	False	chr8_1900575_1900575	ARHGEF10
chr8	2064402	2064402	OpenSea	MYOM2	Intron	False	chr8_2064402_2064402	MYOM2
chr8	17414723	17414723	CpG Shore	MTMR7	Far_Promoter	False	chr8_17414723_17414723	MTMR7
chr8	20280966	20280966	OpenSea	LZTS1	Intron	False	chr8_20280966_20280966	LZTS1
chr8	20280966	20280966	OpenSea	LZTS1-AS1	Intron	False	chr8_20280966_20280966	LZTS1-AS1
chr8	22191380	22191380	OpenSea	BMP1	Promoter	True	chr8_22191380_22191380	BMP1
chr8	22191380	22191380	OpenSea	ENST00000647689.1	Exon	True	chr8_22191380_22191380	ENSG00000285881
chr8	22191380	22191380	OpenSea	ENST00000647689.1	IntronExonBoundary	True	chr8_22191380_22191380	ENSG00000285881
chr8	22191380	22191380	OpenSea	BMP1	Intron	True	chr8_22191380_22191380	BMP1
chr8	22191380	22191380	OpenSea	BMP1	Far_Promoter	True	chr8_22191380_22191380	BMP1
chr8	38998970	38998970	CpG Shore	TM2D2	Far_Promoter	True	chr8_38998970_38998970	TM2D2
chr8	38998970	38998970	CpG Shore	ADAM9	Intron	True	chr8_38998970_38998970	ADAM9
chr8	48318580	48318580	CpG Shore	None	Intergenic	False	chr8_48318580_48318580	None
chr8	53252363	53252363	CpG Shore	OPRK1	Promoter	False	chr8_53252363_53252363	OPRK1
chr8	78665383	78665383	CpG Shore	LOC105375911	Exon	False	chr8_78665383_78665383	LOC105375911
chr8	78665383	78665383	CpG Shore	ZC2HC1A	Promoter	False	chr8_78665383_78665383	ZC2HC1A
chr8	98364760	98364760	OpenSea	None	Intergenic	False	chr8_98364760_98364760	None
chr8	101027310	101027310	OpenSea	None	Intergenic	False	chr8_101027310_101027310	None
chr8	128150143	128150143	OpenSea	MIR1208	Exon	True	chr8_128150143_128150143	MIR1208
chr8	128150143	128150143	OpenSea	ENST00000650846.1	Intron	True	chr8_128150143_128150143	PVT1-221
chr8	128150143	128150143	OpenSea	PVT1	Intron	True	chr8_128150143_128150143	PVT1
chr8	132111515	132111515	OpenSea	HHLA1	Promoter	False	chr8_132111515_132111515	HHLA1
chr8	132447726	132447726	OpenSea	KCNQ3	Intron	False	chr8_132447726_132447726	KCNQ3
chr8	132447726	132447726	OpenSea	KCNQ3	Promoter	False	chr8_132447726_132447726	KCNQ3
chr8	142670423	142670423	CpG Island	JRK	Promoter	False	chr8_142670423_142670423	JRK
chr8	142670423	142670423	CpG Island	ENST00000614134.1	Far_Promoter	False	chr8_142670423_142670423	JRK-210
chr8	142670423	142670423	CpG Island	JRK	Intron	False	chr8_142670423_142670423	JRK
chr8	142670423	142670423	CpG Island	PSCA	Exon	False	chr8_142670423_142670423	PSCA
chr8	142670445	142670445	CpG Shore	JRK	Promoter	False	chr8_142670445_142670445	JRK
chr8	142670445	142670445	CpG Shore	ENST00000614134.1	Far_Promoter	False	chr8_142670445_142670445	JRK-210
chr8	142670445	142670445	CpG Shore	JRK	Intron	False	chr8_142670445_142670445	JRK
chr8	142670445	142670445	CpG Shore	PSCA	Exon	False	chr8_142670445_142670445	PSCA
chr8	142670531	142670531	CpG Shore	JRK	Promoter	False	chr8_142670531_142670531	JRK
chr8	142670531	142670531	CpG Shore	ENST00000614134.1	Far_Promoter	False	chr8_142670531_142670531	JRK-210
chr8	142670531	142670531	CpG Shore	JRK	Intron	False	chr8_142670531_142670531	JRK
chr8	142670531	142670531	CpG Shore	PSCA	Exon	False	chr8_142670531_142670531	PSCA
chr8	142670561	142670561	CpG Shore	JRK	Promoter	False	chr8_142670561_142670561	JRK
chr8	142670561	142670561	CpG Shore	ENST00000614134.1	Far_Promoter	False	chr8_142670561_142670561	JRK-210
chr8	142670561	142670561	CpG Shore	JRK	Intron	False	chr8_142670561_142670561	JRK
chr8	142670561	142670561	CpG Shore	PSCA	Exon	False	chr8_142670561_142670561	PSCA
chr8	143334036	143334036	CpG Shore	TOP1MT	Far_Promoter	False	chr8_143334036_143334036	TOP1MT
chr8	143334036	143334036	CpG Shore	TOP1MT	IntronExonBoundary	False	chr8_143334036_143334036	TOP1MT
chr8	143334036	143334036	CpG Shore	TOP1MT	Exon	False	chr8_143334036_143334036	TOP1MT
chr8	143334036	143334036	CpG Shore	TOP1MT	5'UTR	False	chr8_143334036_143334036	TOP1MT
chr8	143334036	143334036	CpG Shore	TOP1MT	Intron	False	chr8_143334036_143334036	TOP1MT
chr8	143959565	143959565	OpenSea	PLEC	Promoter	False	chr8_143959565_143959565	PLEC
chr8	143959565	143959565	OpenSea	PLEC	Intron	False	chr8_143959565_143959565	PLEC
chr9	15360721	15360721	OpenSea	ENST00000444159.1	Promoter	False	chr9_15360721_15360721	RPL7P33-201
chr9	33750359	33750359	CpG Shore	PRSS3	Promoter	False	chr9_33750359_33750359	PRSS3
chr9	34505720	34505720	OpenSea	DNAI1	Promoter	False	chr9_34505720_34505720	DNAI1
chr9	34505720	34505720	OpenSea	DNAI1	Intron	False	chr9_34505720_34505720	DNAI1
chr9	95517718	95517718	CpG Shore	PTCH1	Far_Promoter	False	chr9_95517718_95517718	PTCH1
chr9	95517718	95517718	CpG Shore	PTCH1	Promoter	False	chr9_95517718_95517718	PTCH1
chr9	134702387	134702387	OpenSea	COL5A1	Intron	False	chr9_134702387_134702387	COL5A1
chrX	497398	497398	CpG Island	None	Intergenic	False	chrX_497398_497398	None
chrX	153027806	153027806	OpenSea	ENST00000452967.2	Promoter	False	chrX_153027806_153027806	ENSG00000234200
